programm_id,programm_name,traeger,foerderart,zielgruppe,region,thema,projektphase,projektart,themen_schwerpunkt,foerdergegenstand,match_reason,mitarbeiter_min,mitarbeiter_max,umsatz_max,foerderhoehe,foerdersatz,frist,status,call_open_date,call_close_date,call_deadline,kategorie,richtlinie_url,richtlinie_stand,letzte_pruefung,quelle_url
BAB_BREMEN_GRW,GRW Unternehmensfoerderung Bremen (Uebersicht),BAB - Die Foerderbank Bremen,Zuschuss,Unternehmen in Bremen/Bremerhaven,Bremen,Regionalfoerderung/Investition,Investition,Investitionsvorhaben,investition,GRW-Investitionsfoerderung in Bremen/Bremerhaven,Unternehmen in Bremen mit Investitionsvorhaben; GRW-Zuschuss,,,,,,,laufend,,,,laufend,https://www.bab-bremen.de/de/page/unternehmen,,2026-02-09,https://www.bab-bremen.de/de/page/unternehmen
BAB_BREMEN_UNTERNEHMEN,BAB Bremen – Foerderprogramme fuer Unternehmen (Uebersicht),BAB - Die Foerderbank Bremen,Zuschuss/Darlehen,Unternehmen in Bremen/Bremerhaven,Bremen,Investition/Innovation,Investition/Innovation,Investition/Innovation,innovation,Uebersicht der Unternehmensfoerderung in Bremen/Bremerhaven,Unternehmen in Bremen; Foerderprogramme ueber BAB,,,,,,,laufend,,,,laufend,https://www.bab-bremen.de/de/page/unternehmen,,2026-02-09,https://www.bab-bremen.de/de/page/unternehmen
BAFA_EBN_M1,Energieberatung Nichtwohngebaeude/Anlagen/Systeme – Modul 1 (Energieaudit DIN EN 16247),BAFA,Zuschuss,Unternehmen mit Nichtwohngebaeuden/Anlagen,Deutschland,Energieeffizienz,Beratung/Planung,Energieaudit,energieeffizienz,Energieaudit nach DIN EN 16247 im Rahmen der EBN-Richtlinie,Unternehmen mit Nichtwohngebaeude; Energieaudit erforderlich,,,,,,,laufend,,,,laufend,https://www.bafa.de/DE/Energie/Energieberatung/Nichtwohngebaeude_Anlagen_Systeme/nichtwohngebaeude_anlagen_systeme_node.html,,2026-02-09,https://www.bafa.de/DE/Energie/Energieberatung/Nichtwohngebaeude_Anlagen_Systeme/nichtwohngebaeude_anlagen_systeme_node.html
BAFA_EBN_M2,Energieberatung Nichtwohngebaeude/Anlagen/Systeme - Modul 2 (DIN V 18599),BAFA,Zuschuss,Unternehmen mit Nichtwohngebaeuden (Bestand/Neubau),Deutschland,Energieeffizienz,Beratung/Planung,Energieberatung,energieeffizienz,Energetisches Sanierungskonzept/Nichtwohngebaeude (DIN V 18599),KMU/Freiberufler mit Nichtwohngebaeude; Beratung/Planung,,,,max 4.000 EUR,50 % des foerderfaehigen Beratungshonorars,,laufend,,,,laufend,https://www.bafa.de/DE/Energie/Energieberatung/Nichtwohngebaeude_Anlagen_Systeme/Modul2_Energieberatung/modul2_energieberatung.html,01.01.2025 (neue Richtlinie),2026-02-09,https://www.bafa.de/DE/Energie/Energieberatung/Nichtwohngebaeude_Anlagen_Systeme/Modul2_Energieberatung/modul2_energieberatung.html
BAFA_EBN_M3,Energieberatung Nichtwohngebaeude/Anlagen/Systeme – Modul 3 (Contracting-Orientierungsberatung),BAFA,Zuschuss,Unternehmen mit Nichtwohngebaeuden/Anlagen,Deutschland,Energieeffizienz,Beratung/Planung,Contracting-Orientierungsberatung,energieeffizienz,Contracting-Orientierungsberatung mit Einspargarantie-Modell,Unternehmen mit Contracting-Vorhaben; Orientierungsberatung foerderfaehig,,,,,,,laufend,,,,laufend,https://www.bafa.de/DE/Energie/Energieberatung/Nichtwohngebaeude_Anlagen_Systeme/nichtwohngebaeude_anlagen_systeme_node.html,,2026-02-09,https://www.bafa.de/DE/Energie/Energieberatung/Nichtwohngebaeude_Anlagen_Systeme/nichtwohngebaeude_anlagen_systeme_node.html
BAFA_EEW,Bundesfoerderung Energie- und Ressourceneffizienz in der Wirtschaft (EEW) - Zuschuss und Kredit,BAFA/KfW,Zuschuss und Kredit,Unternehmen,Deutschland,Energie- und Ressourceneffizienz/Prozesswaerme,Investition/Modernisierung,Investitionsprojekt,energieeffizienz/ressourceneffizienz,Investitionen in hocheffiziente Technologien und Prozesswaerme,Unternehmen mit Effizienz-Investitionen; Zuschuss/Kredit moeglich,,,,,,,laufend,,,,laufend,https://www.bafa.de/SharedDocs/Pressemitteilungen/DE/Energie/2024_02_eew.html,15.02.2024 (Richtlinie in Kraft),2026-02-09,https://www.bafa.de/SharedDocs/Pressemitteilungen/DE/Energie/2024_02_eew.html
BMWK_INVEST,INVEST – Zuschuss fuer Wagniskapital,BMWK,Zuschuss (Erwerbs- und Exitzuschuss),Start-ups und private Investierende (Business Angels),Deutschland,Wagniskapital/Innovation,Finanzierung/Seed/Fruehphase,Beteiligung/Investment,innovation,Mobilisierung privaten Wagniskapitals fuer Start-ups (Erwerbs- und Exitzuschuss),Start-up mit Business Angel Investment; Zuschussmoeglichkeit ueber INVEST,,,,,,,laufend,,,,laufend,https://www.bmwk.de/Redaktion/DE/Dossier/invest.html,,2026-02-09,https://www.bmwk.de/Redaktion/DE/Dossier/invest.html
EFRE_BAYERN_PORTAL,EFRE Bayern 2021-2027 – Programmportal (Einstieg),Freistaat Bayern / EFRE,Zuschuss,Unternehmen/Projekttraeger in Bayern (programmabhaengig),Bayern,EU-Fonds EFRE,programmabhaengig,programmabhaengig,eu-fonds,Einstieg in EFRE-Programme in Bayern (Shared Management),Einstieg fuer EFRE-Programme in Bayern,,,,,,,laufend,,,,laufend,https://www.efre.bayern.de/efre/,,2026-02-10,https://www.efre.bayern.de/efre/
EFRE_BERLIN_PORTAL,EFRE Berlin 2021-2027 – Programmportal (Einstieg),Land Berlin / EFRE,Zuschuss,Unternehmen/Projekttraeger in Berlin (programmabhaengig),Berlin,EU-Fonds EFRE,programmabhaengig,programmabhaengig,eu-fonds,Einstieg in EFRE-Programme in Berlin (Shared Management),Einstieg fuer EFRE-Programme in Berlin,,,,,,,laufend,,,,laufend,https://www.berlin.de/sen/wirtschaft/gruenden-und-foerdern/foerderprogramme/efre/,,2026-02-10,https://www.berlin.de/sen/wirtschaft/gruenden-und-foerdern/foerderprogramme/efre/
EFRE_BRANDENBURG_PORTAL,EFRE Brandenburg 2021-2027 – Programmportal (Einstieg),Land Brandenburg / EFRE,Zuschuss,Unternehmen/Projekttraeger in Brandenburg (programmabhaengig),Brandenburg,EU-Fonds EFRE,programmabhaengig,programmabhaengig,eu-fonds,Einstieg in EFRE-Programme in Brandenburg (Shared Management),Einstieg fuer EFRE-Programme in Brandenburg,,,,,,,laufend,,,,laufend,https://efre.brandenburg.de/efre/de/,,2026-02-10,https://efre.brandenburg.de/efre/de/
EFRE_BREMEN_PORTAL,EFRE Bremen 2021-2027 – Programmportal (Einstieg),Land Bremen / EFRE,Zuschuss,Unternehmen/Projekttraeger in Bremen (programmabhaengig),Bremen,EU-Fonds EFRE,programmabhaengig,programmabhaengig,eu-fonds,Einstieg in EFRE-Programme in Bremen (Shared Management),Einstieg fuer EFRE-Programme in Bremen,,,,,,,laufend,,,,laufend,https://www.efre-bremen.de/foerderperiode-2021-2027/programm-2021-2027-32026,,2026-02-10,https://www.efre-bremen.de/foerderperiode-2021-2027/programm-2021-2027-32026
EFRE_BW_PORTAL,EFRE Baden-Wuerttemberg 2021-2027 – Programmportal (Einstieg),Land Baden-Wuerttemberg / EFRE,Zuschuss,Unternehmen/Projekttraeger in BW (programmabhaengig),Baden-Wuerttemberg,EU-Fonds EFRE,programmabhaengig,programmabhaengig,eu-fonds,Einstieg in EFRE-Programme in BW (Shared Management),Einstieg fuer EFRE-Programme in BW,,,,,,,laufend,,,,laufend,https://efre-bw.de/,,2026-02-10,https://efre-bw.de/
EFRE_HESSEN_PORTAL,EFRE Hessen 2021-2027 – Programmportal (Einstieg),Land Hessen / EFRE,Zuschuss,Unternehmen/Projekttraeger in Hessen (programmabhaengig),Hessen,EU-Fonds EFRE,programmabhaengig,programmabhaengig,eu-fonds,Einstieg in EFRE-Programme in Hessen (Shared Management),Einstieg fuer EFRE-Programme in Hessen,,,,,,,laufend,,,,laufend,https://efre.hessen.de/,,2026-02-10,https://efre.hessen.de/
EFRE_MV_PORTAL,EFRE Mecklenburg-Vorpommern 2021-2027 – Programmportal (Einstieg),Land MV / EFRE,Zuschuss,Unternehmen/Projekttraeger in MV (programmabhaengig),Mecklenburg-Vorpommern,EU-Fonds EFRE,programmabhaengig,programmabhaengig,eu-fonds,Einstieg in EFRE-Programme in MV (Shared Management),Einstieg fuer EFRE-Programme in MV,,,,,,,laufend,,,,laufend,https://www.regierung-mv.de/Landesregierung/wm/EFRE/,,2026-02-10,https://www.regierung-mv.de/Landesregierung/wm/EFRE/
EFRE_NIEDERSACHSEN_PORTAL,EFRE Niedersachsen 2021-2027 – Programmportal (Einstieg),Land Niedersachsen / EFRE,Zuschuss,Unternehmen/Projekttraeger in Niedersachsen (programmabhaengig),Niedersachsen,EU-Fonds EFRE,programmabhaengig,programmabhaengig,eu-fonds,Einstieg in EFRE-Programme in Niedersachsen (Shared Management),Einstieg fuer EFRE-Programme in Niedersachsen,,,,,,,laufend,,,,laufend,https://www.efre.niedersachsen.de/startseite/,,2026-02-10,https://www.efre.niedersachsen.de/startseite/
EFRE_NRWFUNDS_PORTAL,EFRE/JTF NRW 2021-2027 – Programmportal (Einstieg),Land NRW / EFRE/JTF,Zuschuss,Unternehmen/Projekttraeger in NRW (programmabhaengig),Nordrhein-Westfalen,EU-Fonds EFRE/JTF,programmabhaengig,programmabhaengig,eu-fonds,Einstieg in EFRE/JTF-Programme in NRW (Shared Management),Einstieg fuer EFRE/JTF-Programme in NRW,,,,,,,laufend,,,,laufend,https://www.efre.nrw.de/,,2026-02-10,https://www.efre.nrw.de/
EFRE_SAARLAND_PORTAL,EFRE Saarland 2021-2027 – Programmportal (Einstieg),Saarland / EFRE,Zuschuss,Unternehmen/Projekttraeger im Saarland (programmabhaengig),Saarland,EU-Fonds EFRE,programmabhaengig,programmabhaengig,eu-fonds,Einstieg in EFRE-Programme im Saarland (Shared Management),Einstieg fuer EFRE-Programme im Saarland,,,,,,,laufend,,,,laufend,https://www.saarland.de/SharedDocs/Downloads/DE/staatskanzlei/efre_2021_2027.html,,2026-02-10,https://www.saarland.de/SharedDocs/Downloads/DE/staatskanzlei/efre_2021_2027.html
EFRE_SACHSEN_PORTAL,EFRE Sachsen 2021-2027 – Programmportal (Einstieg),Freistaat Sachsen / EFRE,Zuschuss,Unternehmen/Projekttraeger in Sachsen (programmabhaengig),Sachsen,EU-Fonds EFRE,programmabhaengig,programmabhaengig,eu-fonds,Einstieg in EFRE-Programme in Sachsen (Shared Management),Einstieg fuer EFRE-Programme in Sachsen,,,,,,,laufend,,,,laufend,https://www.strukturfonds.sachsen.de/efre-4427.html,,2026-02-10,https://www.strukturfonds.sachsen.de/efre-4427.html
EFRE_SA_ANHALT_PORTAL,EFRE Sachsen-Anhalt 2021-2027 – Programmportal (Einstieg),Sachsen-Anhalt / EFRE,Zuschuss,Unternehmen/Projekttraeger in Sachsen-Anhalt (programmabhaengig),Sachsen-Anhalt,EU-Fonds EFRE,programmabhaengig,programmabhaengig,eu-fonds,Einstieg in EFRE-Programme in Sachsen-Anhalt (Shared Management),Einstieg fuer EFRE-Programme in Sachsen-Anhalt,,,,,,,laufend,,,,laufend,https://www.europa.sachsen-anhalt.de/fileadmin/Bibliothek/Politik_und_Verwaltung/StK/EFRE/EFRE_2021-2027.pdf,,2026-02-10,https://www.europa.sachsen-anhalt.de/fileadmin/Bibliothek/Politik_und_Verwaltung/StK/EFRE/EFRE_2021-2027.pdf
EFRE_SH_PORTAL,EFRE Schleswig-Holstein 2021-2027 – Programmportal (Einstieg),Land Schleswig-Holstein / EFRE,Zuschuss,Unternehmen/Projekttraeger in Schleswig-Holstein (programmabhaengig),Schleswig-Holstein,EU-Fonds EFRE,programmabhaengig,programmabhaengig,eu-fonds,Einstieg in EFRE-Programme Schleswig-Holstein (Shared Management),Einstieg fuer EFRE-Programme in Schleswig-Holstein,,,,,,,laufend,,,,laufend,https://www.schleswig-holstein.de/DE/landesregierung/themen/wirtschaft/lpw/efre_programm/efre_2021-2027/efreprogramm-2021-2027_node,,2026-02-10,https://www.schleswig-holstein.de/DE/landesregierung/themen/wirtschaft/lpw/efre_programm/efre_2021-2027/efreprogramm-2021-2027_node
EFRE_TH_PORTAL,EFRE Thueringen 2021-2027 – Programmportal (Einstieg),Freistaat Thueringen / EFRE,Zuschuss,Unternehmen/Projekttraeger in Thueringen (programmabhaengig),Thueringen,EU-Fonds EFRE,programmabhaengig,programmabhaengig,eu-fonds,Einstieg in EFRE-Programme Thueringen (Shared Management),Einstieg fuer EFRE-Programme in Thueringen,,,,,,,laufend,,,,laufend,https://www.efre-thueringen.de/efre-programm/programm/,,2026-02-10,https://www.efre-thueringen.de/efre-programm/programm/
ESF_BAYERN_PORTAL,ESF+ Bayern 2021-2027 (Programmportal),Freistaat Bayern / ESF+,Zuschuss,Projekttraeger/Organisationen in Bayern (programmabhaengig),Bayern,EU-Fonds ESF+,programmabhaengig,programmabhaengig,eu-fonds,"ESF+ Programm Bayern 2021-2027, Aufrufe/Programme nach Prioritaeten",Einstieg fuer ESF+ Programme in Bayern,,,,,,,laufend,,,,laufend,https://www.esf.bayern.de/,,2026-02-10,https://www.esf.bayern.de/
ESF_BERLIN_2021_2027,ESF+ Berlin 2021-2027 (IBB – Foerderung/Projektaufrufe),Land Berlin / IBB,Zuschuss,Projekttraeger/Organisationen in Berlin (programmabhaengig),Berlin,EU-Fonds ESF+,programmabhaengig,programmabhaengig,eu-fonds,"Foerderung von Bildung, Fachkraeftesicherung und sozialer Inklusion; Projektaufrufe ueber IBB",Einstieg fuer ESF+ Programme in Berlin (IBB als zwischengeschaltete Stelle),,,,,,,laufend,,,,laufend,https://www.ibb.de/de/foerderungen/europaeischer-sozialfonds-plus/europaeischer-sozialfonds-plus.html,,2026-02-10,https://www.ibb.de/de/foerderungen/europaeischer-sozialfonds-plus/europaeischer-sozialfonds-plus.html
ESF_BERLIN_PORTAL,ESF+ Berlin Programmportal (Uebersicht),Land Berlin / ESF+,Zuschuss,Projekttraeger/Organisationen in Berlin (programmabhaengig),Berlin,EU-Fonds ESF+,programmabhaengig,programmabhaengig,eu-fonds,ESF+ Programm Berlin 2021-2027 (Strategie/Schwerpunkte),Einstieg fuer ESF+ Programme in Berlin,,,,,,,laufend,,,,laufend,https://www.berlin.de/sen/arbeit/europaeischer-sozialfonds-plus/,,2026-02-10,https://www.berlin.de/sen/arbeit/europaeischer-sozialfonds-plus/
ESF_BRANDENBURG_FOERDERPROGRAMME_2021_2027,ESF+ Brandenburg Foerderprogramme 2021-2027 (Zeitplan/Calls),Land Brandenburg / ESF+,Zuschuss,Projekttraeger/Organisationen in Brandenburg (programmabhaengig),Brandenburg,EU-Fonds ESF+,programmabhaengig,programmabhaengig,eu-fonds,Uebersicht der ESF+ Foerderrichtlinien inkl. Zeitplan/Calls,Zeitplan/Calls fuer ESF+ Foerderrichtlinien in Brandenburg,,,,,,,laufend,,,,laufend,https://esf.brandenburg.de/esf/de/esf-2021-2027/esf-foerderprogramme-2021-2027/,,2026-02-10,https://esf.brandenburg.de/esf/de/esf-2021-2027/esf-foerderprogramme-2021-2027/
ESF_BRANDENBURG_PORTAL,ESF+ Brandenburg 2021-2027 – Programmportal,Land Brandenburg / ESF+,Zuschuss,Projekttraeger/Organisationen in Brandenburg (programmabhaengig),Brandenburg,EU-Fonds ESF+,programmabhaengig,programmabhaengig,eu-fonds,ESF+ Programm Brandenburg 2021-2027 (Prioritaeten und Programmlogik),Einstieg fuer ESF+ Programme in Brandenburg,,,,,,,laufend,,,,laufend,https://esf.brandenburg.de/esf/de/esf-2021-2027/esf-programm/,,2026-02-10,https://esf.brandenburg.de/esf/de/esf-2021-2027/esf-programm/
ESF_BREMEN_2021_2027,ESF+ Bremen 2021-2027 (Programmportal),Land Bremen / ESF+,Zuschuss,Projekttraeger/Organisationen in Bremen (programmabhaengig),Bremen,EU-Fonds ESF+,programmabhaengig,programmabhaengig,eu-fonds,ESF+ Programm 2021-2027 Bremen (Schwerpunkte/Programme),Einstieg fuer ESF+ Programme in Bremen,,,,,,,laufend,,,,laufend,https://www.esf.bremen.de/,,2026-02-10,https://www.esf.bremen.de/
ESF_BW_PROGRAMM,ESF+ Baden-Wuerttemberg 2021-2027 (Programm),Land Baden-Wuerttemberg / ESF+,Zuschuss,Projekttraeger/Organisationen in BW (programmabhaengig),Baden-Wuerttemberg,EU-Fonds ESF+,programmabhaengig,programmabhaengig,eu-fonds,"Programm ESF+ 2021-2027 Baden-Wuerttemberg (Strategie, Programmlinien)",Einstieg fuer ESF+ Programme in Baden-Wuerttemberg,,,,,,,laufend,,,,laufend,https://www.esf-bw.de/esf-plus-in-bw/programm-des-esf-plus-in-baden-wuerttemberg,,2026-02-10,https://www.esf-bw.de/esf-plus-in-bw/programm-des-esf-plus-in-baden-wuerttemberg
ESF_HAMBURG_2021_2027,ESF+ Hamburg 2021-2027 (Programm/Projektfoerderung),Freie und Hansestadt Hamburg / ESF+,Zuschuss,Projekttraeger/Organisationen in Hamburg (programmabhaengig),Hamburg,EU-Fonds ESF+,programmabhaengig,programmabhaengig,eu-fonds,"Foerderung von Beschaeftigung, Bildung und sozialer Inklusion in Hamburg",Einstieg fuer ESF+ Programme in Hamburg,,,,,,,laufend,,,,laufend,https://www.esf-hamburg.de/der-esf-plus-in-hamburg-617700,,2026-02-10,https://www.esf-hamburg.de/der-esf-plus-in-hamburg-617700
ESF_HAMBURG_PROGRAMME,ESF+ Hamburg Programme/Projektaufrufe,Freie und Hansestadt Hamburg / ESF+,Zuschuss,Projekttraeger/Organisationen in Hamburg (programmabhaengig),Hamburg,EU-Fonds ESF+,programmabhaengig,programmabhaengig,eu-fonds,Uebersicht aktueller ESF+ Programme/Projektaufrufe in Hamburg,Einstieg zu ESF+ Projektaufrufen in Hamburg,,,,,,,laufend,,,,laufend,https://www.esf-hamburg.de/foerderung-617696,,2026-02-10,https://www.esf-hamburg.de/foerderung-617696
ESF_HESSEN_PROGRAMME_2021_2027,ESF+ Hessen Programme 2021-2027 (Uebersicht),Land Hessen / ESF+,Zuschuss,Projekttraeger/Organisationen (programmabhaengig),Hessen,EU-Fonds ESF+,programmabhaengig,programmabhaengig,eu-fonds,Uebersicht der ESF+-Programme in Hessen 2021-2027,Einstieg fuer ESF+-Programme in Hessen,,,,,,,laufend,,,,laufend,https://www.esf-hessen.de/esf-hessen/programme-2021-2027,,2026-02-10,https://www.esf-hessen.de/esf-hessen/programme-2021-2027
ESF_MV_2021_2027,ESF+ Mecklenburg-Vorpommern 2021-2027 (Programmportal),Land MV / ESF+,Zuschuss,Projekttraeger/Organisationen in MV (programmabhaengig),Mecklenburg-Vorpommern,EU-Fonds ESF+,programmabhaengig,programmabhaengig,eu-fonds,ESF+ Programm 2021-2027 MV inkl. Liste der Vorhaben,Einstieg fuer ESF+ Programme in Mecklenburg-Vorpommern,,,,,,,laufend,,,,laufend,https://www.europa-mv.de/foerderinstrumente/fonds_mv/esf/,,2026-02-10,https://www.europa-mv.de/foerderinstrumente/fonds_mv/esf/
ESF_NIEDERSACHSEN_PORTAL,ESF+ Niedersachsen (Call for proposals – entry),Land Niedersachsen / ESF+,Zuschuss,Projekttraeger/Organisationen (programmabhaengig),Niedersachsen,EU-Fonds ESF+,programmabhaengig,programmabhaengig,eu-fonds,Einstieg in ESF+ Foerderung Niedersachsen (Call for proposals),Einstieg fuer ESF+ Programme in Niedersachsen,,,,,,,laufend,,,,laufend,https://pact-for-skills.ec.europa.eu/stakeholders-and-business/funding-opportunities/european-social-fund-plus-esf-germany-lower-saxonyniedersachsen_en,,2026-02-10,https://pact-for-skills.ec.europa.eu/stakeholders-and-business/funding-opportunities/european-social-fund-plus-esf-germany-lower-saxonyniedersachsen_en
ESF_NIEDERSACHSEN_PROGRAMM,ESF+ Niedersachsen 2021-2027 (Programmportal),Land Niedersachsen / ESF+,Zuschuss,Projekttraeger/Organisationen in Niedersachsen (programmabhaengig),Niedersachsen,EU-Fonds ESF+,programmabhaengig,programmabhaengig,eu-fonds,ESF+ Programm Niedersachsen 2021-2027 (Ziele/Programmlinien),Einstieg fuer ESF+ Programme in Niedersachsen,,,,,,,laufend,,,,laufend,https://www.esf.niedersachsen.de/startseite/,,2026-02-10,https://www.esf.niedersachsen.de/startseite/
ESF_NRW_PROGRAMME_2021_2027,ESF+ NRW Foerderprogramme 2021-2027 (Uebersicht),Land NRW / ESF+,Zuschuss,Projekttraeger/Organisationen (programmabhaengig),Nordrhein-Westfalen,EU-Fonds ESF+,programmabhaengig,programmabhaengig,eu-fonds,Uebersicht zu ESF+ Foerderprogrammen des Bundes 2021-2027 (Hinweise/Links),Einstieg fuer ESF+ Programme in NRW,,,,,,,laufend,,,,laufend,https://www.nrwbank.de/de/foerderung/foerderprodukte/60170/esf-plus---foerderprogramme-des-bundes-2021-2027.html,,2026-02-10,https://www.nrwbank.de/de/foerderung/foerderprodukte/60170/esf-plus---foerderprogramme-des-bundes-2021-2027.html
ESF_RLP_PROGRAMM,ESF+ Rheinland-Pfalz 2021-2027 (Programm),Land Rheinland-Pfalz / ESF+,Zuschuss,Projekttraeger/Organisationen in Rheinland-Pfalz (programmabhaengig),Rheinland-Pfalz,EU-Fonds ESF+,programmabhaengig,programmabhaengig,eu-fonds,Programm ESF+ 2021-2027 Rheinland-Pfalz (Prioritaeten/Ansatzpunkte),Einstieg fuer ESF+ Programme in Rheinland-Pfalz,,,,,,,laufend,,,,laufend,https://esf.rlp.de/esf-programm,,2026-02-10,https://esf.rlp.de/esf-programm
ESF_SAARLAND_OPEN,ESF+ Saarland 2021-2027 (Call for proposals – Open),Saarland / ESF+,Zuschuss,Projekttraeger/Organisationen im Saarland (programmabhaengig),Saarland,EU-Fonds ESF+,programmabhaengig,programmabhaengig,eu-fonds,ESF+ Programm Saarland 2021-2027 (Open Call),Einstieg fuer ESF+ Programme im Saarland; Call offen bis 31.12.2027,,,,,,31.12.2027,offen,2021-01-01,2027-12-31,2027-12-31,offen,https://pact-for-skills.ec.europa.eu/stakeholders-and-business/funding-opportunities/european-social-fund-plus-esf-germany-saarland_en,,2026-02-10,https://pact-for-skills.ec.europa.eu/stakeholders-and-business/funding-opportunities/european-social-fund-plus-esf-germany-saarland_en
ESF_SAARLAND_PROGRAMM,ESF+ Saarland 2021-2027 (Programmportal),Saarland / ESF+,Zuschuss,Projekttraeger/Organisationen im Saarland (programmabhaengig),Saarland,EU-Fonds ESF+,programmabhaengig,programmabhaengig,eu-fonds,ESF+ Programm 2021-2027 im Saarland (Programm/Calls),Einstieg fuer ESF+ Programme im Saarland,,,,,,,laufend,,,,laufend,https://www.saarland.de/DE/portale/esfplus/esfplus_node.html,,2026-02-10,https://www.saarland.de/DE/portale/esfplus/esfplus_node.html
ESF_SACHSEN_2021_2027,ESF Plus Sachsen 2021-2027 (Uebersicht),Freistaat Sachsen / ESF+,Zuschuss,Projekttraeger/Organisationen (programmabhaengig),Sachsen,EU-Fonds ESF+,programmabhaengig,programmabhaengig,eu-fonds,Uebersicht ESF Plus 2021-2027 in Sachsen,Einstieg fuer ESF+ Programme in Sachsen,,,,,,,laufend,,,,laufend,https://www.schule.sachsen.de/europaeischer-sozialfonds-esf-plus-2021-2027-7745.html,,2026-02-10,https://www.schule.sachsen.de/europaeischer-sozialfonds-esf-plus-2021-2027-7745.html
ESF_SA_ANHALT_PROGRAMM,ESF+ Sachsen-Anhalt 2021-2027 (Programmportal),Land Sachsen-Anhalt / ESF+,Zuschuss,Projekttraeger/Organisationen in Sachsen-Anhalt (programmabhaengig),Sachsen-Anhalt,EU-Fonds ESF+,programmabhaengig,programmabhaengig,eu-fonds,ESF+ Programm 2021-2027 Sachsen-Anhalt (Programm und Prioritaeten),Einstieg fuer ESF+ Programme in Sachsen-Anhalt,,,,,,,laufend,,,,laufend,https://www.europa.sachsen-anhalt.de/ESF/ESF-2021-2027,,2026-02-10,https://www.europa.sachsen-anhalt.de/ESF/ESF-2021-2027
ESF_SH_OPEN,ESF+ Schleswig-Holstein 2021-2027 (Open Call),Land Schleswig-Holstein / ESF+,Zuschuss,Projekttraeger/Organisationen in Schleswig-Holstein (programmabhaengig),Schleswig-Holstein,EU-Fonds ESF+,programmabhaengig,programmabhaengig,eu-fonds,ESF+ Programm Schleswig-Holstein 2021-2027 (Open Call),Einstieg fuer ESF+ Programme in Schleswig-Holstein; Call offen bis 31.12.2027,,,,,,31.12.2027,offen,2021-01-01,2027-12-31,2027-12-31,offen,https://pact-for-skills.ec.europa.eu/stakeholders-and-business/funding-opportunities/european-social-fund-plus-esf-germany-schleswig-holstein_en,,2026-02-10,https://pact-for-skills.ec.europa.eu/stakeholders-and-business/funding-opportunities/european-social-fund-plus-esf-germany-schleswig-holstein_en
ESF_TH_OPEN,ESF+ Thueringen 2021-2027 (Open Call),Freistaat Thueringen / ESF+,Zuschuss,Projekttraeger/Organisationen in Thueringen (programmabhaengig),Thueringen,EU-Fonds ESF+,programmabhaengig,programmabhaengig,eu-fonds,ESF+ Programm Thueringen 2021-2027 (Open Call),Einstieg fuer ESF+ Programme in Thueringen; Call offen bis 31.12.2027,,,,,,31.12.2027,offen,2021-01-01,2027-12-31,2027-12-31,offen,https://pact-for-skills.ec.europa.eu/stakeholders-and-business/funding-opportunities/european-social-fund-plus-esf-germany-thuringiathuringen_en,,2026-02-10,https://pact-for-skills.ec.europa.eu/stakeholders-and-business/funding-opportunities/european-social-fund-plus-esf-germany-thuringiathuringen_en
EU_DIGITAL_EUROPE,Digital Europe Programme,Europaeische Kommission,Zuschuss,Unternehmen und Organisationen (insb. KMU),EU (inkl. Deutschland),"Digitalisierung (KI, Cybersecurity, HPC, Skills)",Innovation/Implementierung,,,,Rahmenprogramm; konkrete Calls mit Fristen werden separat erfasst,,,,,,,geplant,,,,zukuenftig,https://commission.europa.eu/funding-tenders/find-funding/eu-funding-programmes/digital-europe-programme_en,,2026-02-08,https://commission.europa.eu/funding-tenders/find-funding/eu-funding-programmes/digital-europe-programme_en
EU_EFRE_DE_PORTAL,EFRE in Deutschland (Einstieg/Portal),Bund/Land (EFRE),Zuschuss,Unternehmen/Projekttraeger (programmabhaengig),Deutschland,EU-Fonds EFRE,programmabhaengig,programmabhaengig,eu-fonds,Einstieg zu EFRE-Programmen (Shared Management),Einstieg fuer EFRE-Programme; Details je Bundesland/Programm,,,,,,,laufend,,,,laufend,https://www.foerderdatenbank.de/FDB/DE/Service/Onlineantrag/EFRE/efre_node.html,,2026-02-09,https://www.foerderdatenbank.de/FDB/DE/Service/Onlineantrag/EFRE/efre_node.html
EU_EIC_ACCELERATOR_2026,EIC Accelerator 2026,EIC (EU),Zuschuss + ggf. Equity,Startups/SMEs mit marktnaher Deep-Tech-Innovation,EU (inkl. Deutschland),Innovation/Deep Tech,Scale-up/Marktreife,Cut-off Deadlines,innovation,Markteintritt und Skalierung innovativer Technologien,Innovatives KMU/Startup mit Skalierungsbedarf; Call offen (Cut-offs 2026),,,,,,07.01.2026|04.03.2026|06.05.2026|08.07.2026|02.09.2026|04.11.2026,offen,,,2026-03-04,offen,https://eic.ec.europa.eu/funding-opportunities_en,,2026-02-08,https://eic.ec.europa.eu/funding-opportunities_en
EU_EIC_AIC_NAMS_2026,EIC Advanced Innovation Challenges: Translating Disruptive New Approach Methodologies (NAMs) into Practice,EIC (EU),Zuschuss,Forschungs- und Innovationsakteure (u. a. Unternehmen),EU (inkl. Deutschland),Innovation/Deep Tech,Forschung/Innovation,Single-stage Call,innovation,Disruptive Innovationsmethoden (NAMs) in die Praxis ueberfuehren,Innovationsakteure mit NAMs-Thema; Call offen mit Frist,,,,,,26.02.2026,offen,,2026-02-26,2026-02-26,offen,https://eic.ec.europa.eu/funding-opportunities_en,,2026-02-08,https://eic.ec.europa.eu/funding-opportunities_en
EU_EIC_AIC_PHYSICAL_AI_2026,EIC Advanced Innovation Challenges: Accelerating Physical AI (Embodied Intelligence for AI-Powered Robotics),EIC (EU),Zuschuss,Forschungs- und Innovationsakteure (u. a. Unternehmen),EU (inkl. Deutschland),Innovation/AI/Robotics,Forschung/Innovation,Single-stage Call,innovation,Physical AI/Embodied Intelligence fuer Robotik,Innovationsakteure im Bereich Physical AI; Call offen mit Frist,,,,,,26.02.2026,offen,,2026-02-26,2026-02-26,offen,https://eic.ec.europa.eu/funding-opportunities_en,,2026-02-08,https://eic.ec.europa.eu/funding-opportunities_en
EU_EIC_STEP_SCALEUP_2026,EIC STEP Scale Up 2026,EIC (EU),Equity-Investment,Scaleups mit grossen Finanzierungsrunden (>= 50 Mio EUR) mit Pre-Commitments,EU (inkl. Deutschland),Innovation/Scale-up,Scale-up,Cut-off Deadlines,innovation,Grosse Finanzierungsrunden zur Skalierung strategischer Technologien,Scaleups mit grosser Finanzierungsrunde; Call offen (Cut-offs 2026),,,,,,11.02.2026|06.05.2026|09.09.2026|25.11.2026,offen,,,2026-02-11,offen,https://eic.ec.europa.eu/funding-opportunities_en,,2026-02-08,https://eic.ec.europa.eu/funding-opportunities_en
EU_EISMEA_EIE_STARTUP_HUBS_2026,European Startup and Scaleup Hubs pilot (HORIZON-EIE-2026-02-CONNECT-01),EISMEA (EU),Zuschuss,Organisationen/Netzwerke zur Startup- und Scaleup-Unterstuetzung,EU (inkl. Deutschland),Innovation/Oekosysteme/Scaleups,Kapazitaetsaufbau,Single-stage Call,innovation,Aufbau und Staerkung von Startup-/Scaleup-Hubs,Oekosystem-Akteure/Netzwerke; Call offen mit Frist,,,,,,10.03.2026,offen,2025-12-12,2026-03-10,2026-03-10,offen,https://eismea.ec.europa.eu/funding-opportunities/calls-proposals/european-startup-and-scaleup-hubs-pilot-horizon-eie-2026-02-connect-01_en,,2026-02-08,https://eismea.ec.europa.eu/funding-opportunities/calls-proposals/european-startup-and-scaleup-hubs-pilot-horizon-eie-2026-02-connect-01_en
EU_EISMEA_EYE_2026,Erasmus for Young Entrepreneurs (SMP-COSME-2026-EYE),EISMEA (EU),Zuschuss,"Organisationen, die Gruender/Unternehmer unterstuetzen (Intermediaries)",EU (inkl. Deutschland),Gruendung/Internationalisierung,Programmfoerderung,Single-stage Call,gruendung,Unterstuetzung von Austauschprogrammen fuer junge Unternehmer,Gruenderunterstuetzende Organisationen; Call offen mit Frist,,,,,,21.04.2026,offen,2026-02-05,2026-04-21,2026-04-21,offen,https://eismea.ec.europa.eu/funding-opportunities/calls-proposals/erasmus-young-entrepreneurs-smp-cosme-2026-eye_en,,2026-02-08,https://eismea.ec.europa.eu/funding-opportunities/calls-proposals/erasmus-young-entrepreneurs-smp-cosme-2026-eye_en
EU_EISMEA_I3_CAP2B_2026,I3 Capacity Building Call 2026 (I3-2026-CAP2b),EISMEA (EU),Zuschuss,Oeffentliche Stellen/Innovationsintermediaere (z. B. Cluster) mit KMU-Bezug,EU (inkl. Deutschland),Innovation/Regionale Oekosysteme,Kapazitaetsaufbau,Single-stage Call,innovation,Kapazitaetsaufbau fuer interregionale Innovationsprojekte,Innovationsintermediaere/Cluster; Call offen mit Frist,,,,,,19.03.2026,offen,2025-10-23,2026-03-19,2026-03-19,offen,https://eismea.ec.europa.eu/funding-opportunities/calls-proposals/i3-capacity-building-call-2026-i3-2026-cap2b_en,,2026-02-08,https://eismea.ec.europa.eu/funding-opportunities/calls-proposals/i3-capacity-building-call-2026-i3-2026-cap2b_en
EU_EISMEA_PPPA_TOURISM_2026,Upskilling and reskilling the Tourism Ecosystem (PPPA-2026-TOURISM-CAPACITY-BUILDING),EISMEA (EU),Zuschuss,"Organisationen im Tourismussektor (z. B. DMOs, Netzwerke)",EU (inkl. Deutschland),Skills/Digitalisierung (Tourismus),Kapazitaetsaufbau,Single-stage Call,digitalisierung/skills,Aufbau von Skills-Strukturen und Data Space/Knowledge Hub im Tourismus,Organisationen im Tourismussektor; Call offen mit Frist,,,,,,04.03.2026,offen,2025-12-09,2026-03-04,2026-03-04,offen,https://eismea.ec.europa.eu/funding-opportunities/calls-proposals/upskilling-and-reskilling-tourism-ecosystem-tourism-knowledge-hub-and-tourism-data-space-pppa-2026_en,,2026-02-08,https://eismea.ec.europa.eu/funding-opportunities/calls-proposals/upskilling-and-reskilling-tourism-ecosystem-tourism-knowledge-hub-and-tourism-data-space-pppa-2026_en
EU_ESF_DE_PORTAL,ESF+ in Deutschland (Einstieg/Portal),Bund/Land (ESF+),Zuschuss,Unternehmen/Projekttraeger (programmabhaengig),Deutschland,EU-Fonds ESF+,programmabhaengig,programmabhaengig,eu-fonds,Einstieg zu ESF+-Programmen (Shared Management),Einstieg fuer ESF+-Programme; Details je Bundesland/Programm,,,,,,,laufend,,,,laufend,https://www.foerderdatenbank.de/FDB/DE/Service/Onlineantrag/ESF/esf_node.html,,2026-02-09,https://www.foerderdatenbank.de/FDB/DE/Service/Onlineantrag/ESF/esf_node.html
EU_FUNDS_DE_PORTAL,"EU-Fonds in Deutschland (Nationales Portal, Shared Management)",BMWK (Nationales Portal) / EU,"Zuschuss (EU-Fonds, Shared Management)",Unternehmen/Projekttraeger (variiert je Fonds/Programm),Deutschland,EU-Fonds (EFRE/ESF+/u. a.),Abhaengig vom Programm,,,,Portal fuer EU-Fonds; konkrete Landesprogramme/Calls werden separat erfasst,,,,,,,geplant,,,,zukuenftig,https://www.bmwk.de/Redaktion/DE/Artikel/Europa/eu-kohaesions-und-strukturpolitik.html,,2026-02-08,https://commission.europa.eu/funding-tenders/find-funding/funding-management-mode/national-single-portals_en
EU_HORIZON,Horizon Europe,Europaeische Kommission,Zuschuss,Rechtliche Einheiten in EU und assoziierten Laendern (u. a. Unternehmen),EU (inkl. Deutschland),Forschung und Innovation,Forschung/Innovation,,,,Rahmenprogramm; konkrete Calls mit Fristen werden separat erfasst,,,,,,,geplant,,,,zukuenftig,https://commission.europa.eu/funding-tenders/find-funding/eu-funding-programmes/horizon-europe_en,,2026-02-08,https://commission.europa.eu/funding-tenders/find-funding/eu-funding-programmes/horizon-europe_en
EU_SINGLE_MARKET,Single Market Programme,Europaeische Kommission,Zuschuss,Unternehmen (insb. KMU),EU (inkl. Deutschland),Binnenmarkt/Unternehmensfoerderung,Wachstum/Marktzugang,,,,Rahmenprogramm; konkrete Calls mit Fristen werden separat erfasst,,,,,,,geplant,,,,zukuenftig,https://commission.europa.eu/funding-tenders/find-funding/eu-funding-programmes/single-market-programme_en,,2026-02-08,https://commission.europa.eu/funding-tenders/find-funding/eu-funding-programmes/single-market-programme_en
FZULG,Forschungszulage (steuerliche Foerderung von F&E),Bund (BMF) / BSFZ,Steuerliche Forschungszulage,Unternehmen (insb. KMU),Deutschland,Forschung und Entwicklung,F&E-Projekte,F&E-Projekt (steuerliche Foerderung),technologieoffen,Forschungs- und Entwicklungsvorhaben (steuerliche Forschungszulage nach FZulG),Unternehmen mit F&E-Aufwendungen; steuerliche Foerderung statt Zuschuss/Kredit,,,,,,,laufend,,,,laufend,https://www.bundesfinanzministerium.de/Web/DE/Themen/Steuern/Steuerliche_Themengebiete/Forschungszulage/forschungszulage.html,"14.12.2019 (Forschungszulagengesetz, FZulG)",2026-02-09,https://www.bundesfinanzministerium.de/Web/DE/Themen/Steuern/Steuerliche_Themengebiete/Forschungszulage/forschungszulage.html
IBB_BERLIN_INNOVATIV_PLUS,Berlin Innovativ PLUS,Investitionsbank Berlin (IBB),Darlehen,"KMU in Berlin (innovativ, nachhaltig, kreativ)",Berlin,Innovation/Nachhaltigkeit/Kreativwirtschaft,Investition/Betriebsmittel,Investition/Betriebsmittel,innovation,"Finanzierung von Investitionen und Betriebsmitteln in innovativen, nachhaltigen und kreativen Unternehmen",KMU in Berlin mit Innovations-/Nachhaltigkeitsvorhaben,,,,,,,laufend,,,,laufend,https://www.ibb.de/de/wirtschaftsfoerderung/foerderprogramme-a-z/foerderprogramme-a-z.html,,2026-02-09,https://www.ibb.de/de/wirtschaftsfoerderung/foerderprogramme-a-z/foerderprogramme-a-z.html
IBB_BERLIN_KAPITAL,Berlin Kapital,Investitionsbank Berlin (IBB),Darlehen/Beteiligung (stille Beteiligung),Unternehmen in Berlin,Berlin,Wachstum/Finanzierung,Wachstum/Finanzierung,Beteiligung/Finanzierung,finanzierung,Wachstumsfinanzierung via stille Beteiligungen,Unternehmen in Berlin mit Wachstumsfinanzierung,,,,,,,laufend,,,,laufend,https://www.ibb.de/de/wirtschaftsfoerderung/foerderprogramme-a-z/foerderprogramme-a-z.html,,2026-02-09,https://www.ibb.de/de/wirtschaftsfoerderung/foerderprogramme-a-z/foerderprogramme-a-z.html
IBB_WACHSTUMSPROGRAMM,IBB-Wachstumsprogramm,Investitionsbank Berlin (IBB),Darlehen,Unternehmen der gewerblichen Wirtschaft in Berlin,Berlin,Wachstum/Investition,Wachstum/Investition,Investition/Auftragsvorfinanzierung,finanzierung,"Wachstumsfinanzierung, Auftragsvorfinanzierung, Anschlussfinanzierungen",Berliner Unternehmen mit Wachstums- oder Investitionsvorhaben,,,,,,,laufend,,,,laufend,https://www.ibb.de/wachstumsprogramm,,2026-02-09,https://www.ibb.de/wachstumsprogramm
IBSH_HHSH_KREDIT,IB.SH Mittelstandskredit (Schleswig-Holstein),IB.SH,Darlehen,KMU in Schleswig-Holstein,Schleswig-Holstein,Investition/Betriebsmittel,Investition/Betriebsmittel,Investition/Betriebsmittel,finanzierung,Finanzierung von Investitionen und Betriebsmitteln,KMU in SH mit Investitions- oder Betriebsmittelbedarf,,,,,,,laufend,,,,laufend,https://www.ib-sh.de/foerderprogramme/unternehmen/,,2026-02-09,https://www.ib-sh.de/foerderprogramme/unternehmen/
IBSH_MITTELSTANDSKREDIT,IB.SH Mittelstandskredit,IB.SH,Darlehen,KMU in Schleswig-Holstein,Schleswig-Holstein,Investition/Betriebsmittel,Investition/Betriebsmittel,Investition/Betriebsmittel,finanzierung,Finanzierung von Investitionen und Betriebsmitteln fuer KMU,KMU in SH mit Investitions- oder Betriebsmittelbedarf,,,,,,,laufend,,,,laufend,https://www.ib-sh.de/produkt/ibsh-mittelstandskredit/,,2026-02-10,https://www.ib-sh.de/produkt/ibsh-mittelstandskredit/
IB_SA_GRUENDUNGSDARLEHEN_2021_2027,IB-Gruendungsdarlehen 2021-2027,Investitionsbank Sachsen-Anhalt (IB),Darlehen,Existenzgruender und junge Unternehmen in Sachsen-Anhalt,Sachsen-Anhalt,Gruendung,Gruendung/Fruehphase,Investition/Betriebsmittel,gruendung,Gruendungsvorhaben und Start in die Selbststaendigkeit,Gruender in Sachsen-Anhalt; Darlehen fuer Gruendungsvorhaben,,,,,,,laufend,,,,laufend,https://www.ib-sachsen-anhalt.de/de/unternehmen,,2026-02-09,https://www.ib-sachsen-anhalt.de/de/unternehmen
IFB_HH_HAMBURG_KREDIT,Hamburg-Kredit (Foerderkredit),IFB Hamburg,Darlehen,Unternehmen und Existenzgruender in Hamburg,Hamburg,Investition/Betriebsmittel,Investition/Betriebsmittel,Investition/Betriebsmittel,finanzierung,Finanzierung von Investitionen und Betriebsmitteln,Unternehmen/Gruender in Hamburg; Finanzierungsbedarf,,,,,,,laufend,,,,laufend,https://www.ifbhh.de/foerderung/unternehmen,,2026-02-09,https://www.ifbhh.de/foerderung/unternehmen
IFB_MV_UNTERNEHMEN,IFB MV – Foerderprogramme fuer Unternehmen,Landesfoerderinstitut MV (IFB MV),Zuschuss/Darlehen,Unternehmen in Mecklenburg-Vorpommern,Mecklenburg-Vorpommern,Investition/Innovation,Investition/Innovation,Investition/Innovation,innovation,Uebersicht der Unternehmensfoerderung in Mecklenburg-Vorpommern,Unternehmen in MV; Foerderprogramme ueber IFB MV,,,,,,,laufend,,,,laufend,https://www.lfi-mv.de/foerderprogramme/unternehmen/,,2026-02-09,https://www.lfi-mv.de/foerderprogramme/unternehmen/
ILB_BRANDENBURG_GO,Brandenburg GO,ILB,"Buergschaft, Darlehen",Existenzgruender und junge Unternehmen (erste 5 Jahre),Brandenburg,Gruendung/Nachfolge,Gruendung/Fruehphase,Investition/Betriebsmittel,gruendung,"Investitionen, Betriebsmittel, Warenlager, Uebernahme und Beteiligung",Gruender/junge Unternehmen in Brandenburg; Finanzierung ueber Darlehen/Buergschaft,,,,,,,laufend,,,,laufend,https://www.ilb.de/de/wirtschaft/,,2026-02-09,https://www.ilb.de/de/wirtschaft/
ILB_BRANDENBURG_KREDIT_GRUENDUNG,Brandenburg-Kredit Gruendung,ILB,Darlehen,"Existenzgruender und junge Unternehmen (erste 5 Jahre), Einzelunternehmer, Freiberufler",Brandenburg,Gruendung/Nachfolge,Gruendung/Fruehphase,Investition/Betriebsmittel,gruendung,"Investitionen, Betriebsmittel, Warenlager, Uebernahme und Beteiligung",Unternehmen in den ersten 5 Jahren; Gruendungs- oder Uebernahmevorhaben,,,,,,,laufend,,,,laufend,https://www.gruenden-in-brandenburg.de/angebote/brandenburg-kredit-gruendung,,2026-02-09,https://www.gruenden-in-brandenburg.de/angebote/brandenburg-kredit-gruendung
ILB_BRANDENBURG_KREDIT_MIKRO,Brandenburg-Kredit Mikro,ILB,Darlehen,Existenzgruender und junge Unternehmen (bis 10 Jahre) sowie Unternehmensnachfolger,Brandenburg,Gruendung/Nachfolge,Gruendung/Fruehphase,Investition/Betriebsmittel,gruendung,Mikrofinanzierung fuer Gruendung/Unternehmensnachfolge,Junge Unternehmen bis 10 Jahre; Mikrofinanzierung in Brandenburg,,,,,,,laufend,,,,laufend,https://www.ilb.de/de/wirtschaft/,,2026-02-09,https://www.ilb.de/de/wirtschaft/
ISB_AUSBILDUNGSKREDIT_601,Aus- und Weiterbildungskredit RLP (Kredit 601),ISB Rheinland-Pfalz,Darlehen,"KMU, MidCap-Unternehmen und Freiberufler in Rheinland-Pfalz",Rheinland-Pfalz,Aus- und Weiterbildung,Investition/Betriebsmittel,Qualifizierung,qualifizierung,Investitionsfinanzierung bis 2 Mio EUR und Betriebsmittelfinanzierung bis 500.000 EUR,KMU/MidCap/Freiberufler in RLP mit Qualifizierungs- oder Weiterbildungsbedarf,,,,,,,laufend,,,,laufend,https://isb.rlp.de/service/foerderung.html,,2026-02-09,https://isb.rlp.de/service/foerderung.html
ISB_BERATUNG_MITTELSTAND_136,Beratungsprogramm fuer den Mittelstand (Zuschuss 136) / Betriebsberatungsprogramm RLP,ISB Rheinland-Pfalz,Zuschuss,KMU mit Betriebsstaette in Rheinland-Pfalz,Rheinland-Pfalz,Beratung/Digitalisierung/Innovation/Existenzgruendung,Beratung,Beratung,beratung/innovation/digitalisierung,Zuschuss zu Beratungskosten (Tagewerk) fuer KMU; neues Betriebsberatungsprogramm seit 16.12.2025,KMU in RLP mit Beratungsbedarf; Zuschuss zu Beratungskosten,,,,,,,laufend,,,,laufend,https://isb.rlp.de/service/foerderung.html,,2026-02-09,https://isb.rlp.de/service/foerderung.html
ISB_EFFIZIENZKREDIT_603,Effizienzkredit RLP (Kredit 603),ISB Rheinland-Pfalz,Darlehen,"KMU, MidCap-Unternehmen und Freiberufler in Rheinland-Pfalz",Rheinland-Pfalz,Energieeffizienz/Umwelt,Investition,Effizienzvorhaben,energieeffizienz,Investitionsfinanzierung bis 10 Mio EUR fuer Vorhaben mit positivem Umwelteffekt,Effizienz-/Klimavorhaben in RLP; Investitionsfinanzierung,,,,,,,laufend,,,,laufend,https://isb.rlp.de/service/foerderung.html,,2026-02-09,https://isb.rlp.de/service/foerderung.html
KFW_067,ERP-Gruenderkredit StartGeld (067),KfW,Kredit,"Gruender, Freiberufler und junge Unternehmen (bis 5 Jahre)",Deutschland,Gruendung/Nachfolge,Gruendung/Festigung/Nachfolge,Gruendung/Uebernahme/Festigung,gruendung,"Investitionen und Betriebsmittel fuer Gruendung, Nachfolge oder Festigung",Gruender/junge Unternehmen (bis 5 Jahre) mit Investitions- oder Betriebsmittelbedarf,,,,"bis zu 200.000 EUR (davon Betriebsmittel bis 80.000 EUR, ab 01.12.2025)",,,laufend,,,,laufend,https://www.kfw.de/inlandsfoerderung/Unternehmen/Gr%C3%BCnden-Nachfolgen/F%C3%B6rderprodukte/ERP-Gr%C3%BCnderkredit-Startgeld-%28067%29/,01.12.2025,2026-02-09,https://www.kfw.de/%C3%9Cber-die-KfW/Newsroom/Aktuelles/Pressemitteilungen-Details_872832.html
KFW_380,ERP-Digitalisierungs- und Innovationskredit (380),KfW,Kredit (ERP-Foerderzuschuss optional),"KMU (EU-Definition) und groessere mittelstaendische Unternehmen (Gruppenumsatz <= 500 Mio EUR); innovative Unternehmen der gewerblichen Wirtschaft, Einzelunternehmer und Freiberufler",Deutschland,Digitalisierung/Innovation,Investition/Betriebsmittel,Innovations-/Digitalisierungsvorhaben,innovation/digitalisierung,Innovations- und Digitalisierungsvorhaben,Innovations-/Digitalisierungsvorhaben; Finanzierung ueber ERP-Kredit,,250,500000000,,,,laufend,,,,laufend,https://www.kfw.de/PDF/Download-Center/F%C3%B6rderprogramme-%28Inlandsf%C3%B6rderung%29/PDF-Dokumente/6000004011_M_380_390_391.pdf,20.02.2025,2026-02-09,https://www.kfw.de/PDF/Download-Center/F%C3%B6rderprogramme-%28Inlandsf%C3%B6rderung%29/PDF-Dokumente/6000004011_M_380_390_391.pdf
KFW_511_512,"ERP-Foerderkredit Digitalisierung (511, 512)",KfW,Kredit (Zuschuss bis 5 % bei anspruchsvollen Vorhaben),Unternehmen und Freiberufler,Deutschland,Digitalisierung,Investition/Betriebsmittel,Digitalisierungsprojekt,digitalisierung,Digitalisierungsmassnahmen (Basis bis HighEnd),Unternehmen/Freiberufler mit Digitalisierungsprojekt; Zuschuss bei anspruchsvollen Vorhaben,,,,,Zuschuss bis 5 % bei anspruchsvollen Vorhaben,,laufend,,,,laufend,https://www.kfw.de/inlandsfoerderung/Unternehmen/Innovation-und-Digitalisierung/F%C3%B6rderprodukte/ERP-F%C3%B6rderkredit-Digitalisierung-%28511-512%29/,,2026-02-09,https://www.kfw.de/inlandsfoerderung/Unternehmen/Innovation-und-Digitalisierung/F%C3%B6rderprodukte/ERP-F%C3%B6rderkredit-Digitalisierung-%28511-512%29/
LBANK_GRUENDUNG_WACHSTUM,L-Bank Gruendung und Wachstum (L-Plus),L-Bank,Darlehen,"Existenzgruender, Unternehmensnachfolger, KMU in BW",Baden-Wuerttemberg,Gruendung/Wachstum,Gruendung/Wachstum,Investition/Betriebsmittel,gruendung,"Finanzierung von Gruendung, Uebernahme, Wachstum (Investition/Betriebsmittel)",Gruender/KMU in BW mit Gruendungs- oder Wachstumsbedarf,,,,,,,laufend,,,,laufend,https://www.l-bank.de/produkte/unternehmer/gruendung-und-wachstum.html,,2026-02-10,https://www.l-bank.de/produkte/unternehmer/gruendung-und-wachstum.html
LBANK_INNOVATION_FINANZIERUNG,L-Bank Innovationsfinanzierung,L-Bank,Darlehen,Unternehmen in Baden-Wuerttemberg,Baden-Wuerttemberg,Innovation/Digitalisierung,Investition,Innovationsvorhaben,innovation/digitalisierung,Innovations- und Digitalisierungsinvestitionen,Unternehmen in BW mit Innovations-/Digitalisierungsprojekt,,,,,,,laufend,,,,laufend,https://www.l-bank.de/produkte/unternehmer/,,2026-02-09,https://www.l-bank.de/produkte/unternehmer/
LBANK_LPLUS,L-Bank L-Plus (Gruendung und Wachstum),L-Bank,Darlehen,"Existenzgruender, Unternehmensnachfolger, KMU",Baden-Wuerttemberg,Gruendung/Wachstum,Gruendung/Wachstum,Investition/Betriebsmittel,gruendung,"Finanzierung von Gruendung, Uebernahme, Wachstum (Investition/Betriebsmittel)",KMU/Gruender in BW; Finanzierung von Investition/Betriebsmittel,,,,,,,laufend,,,,laufend,https://www.l-bank.de/produkte/unternehmer/,,2026-02-09,https://www.l-bank.de/produkte/unternehmer/
LFA_BAYERN_UNTERNEHMEN,LfA Foerderprogramme fuer Unternehmen,LfA Foerderbank Bayern,Darlehen/Buergschaft,Unternehmen in Bayern,Bayern,Investition/Innovation,Investition/Innovation,Investition/Innovation,innovation,Uebersicht der Unternehmensfoerderung in Bayern,Unternehmen in Bayern; Foerderprogramme ueber LfA,,,,,,,laufend,,,,laufend,https://lfa.de/unternehmen/,,2026-02-09,https://lfa.de/unternehmen/
LFA_INNOVATIONSKREDIT,LfA Innovationskredit,LfA Förderbank Bayern,Darlehen,Unternehmen der gewerblichen Wirtschaft und Freie Berufe (Gruppenumsatz ≤ 500 Mio. EUR),Bayern,Innovation/Digitalisierung,Investition/Betriebsmittel,Innovations-/Digitalisierungsvorhaben,innovation/digitalisierung,Finanzierung von Digitalisierungs- und Innovationsvorhaben sowie Investitionen/Betriebsmittel innovativer Unternehmen,Innovatives Unternehmen in Bayern mit Digitalisierungs-/Innovationsvorhaben,,,,,,,laufend,,,,laufend,https://www.umweltpakt.bayern.de/werkzeuge/foerderfibel/programme/12/innovationskredit,,2026-02-10,https://www.umweltpakt.bayern.de/werkzeuge/foerderfibel/programme/12/innovationskredit
MBB_BUERGSCHAFTEN,MBB Buergschaften (Brandenburg),Mittelstaendische Beteiligungsgesellschaft Brandenburg (MBB),Buergschaft,KMU in Brandenburg,Brandenburg,Finanzierung/Buergschaften,Investition/Betriebsmittel,Buergschaft,finanzierung,Buergschaften fuer Kredite und Avale zur Unternehmensfinanzierung,KMU in Brandenburg mit Kreditbedarf; Buergschaft zur Absicherung,,,,,,,laufend,,,,laufend,https://www.mbb-mittelstand.de/,,2026-02-09,https://www.mbb-mittelstand.de/
NBANK_NIEDERSACHSEN_UNTERNEHMEN,NBank Foerderprogramme fuer Unternehmen,NBank,Zuschuss/Darlehen,Unternehmen in Niedersachsen,Niedersachsen,Investition/Innovation/Weiterbildung,Investition/Innovation,Investition/Innovation,innovation,Uebersicht der Unternehmensfoerderung in Niedersachsen,Unternehmen in Niedersachsen; Foerderprogramme ueber NBank,,,,,,,laufend,,,,laufend,https://www.nbank.de/Foerderprogramme/Foerderprogramme-fuer-Unternehmen/,,2026-02-09,https://www.nbank.de/Foerderprogramme/Foerderprogramme-fuer-Unternehmen/
NRWBANK_GRUENDUNG_WACHSTUM,NRW.BANK.Gründung und Wachstum,NRW.BANK,Darlehen,"Gründer, junge und etablierte KMU sowie Angehörige der freien Berufe",Nordrhein-Westfalen,Gründung/Nachfolge/Festigung,Gründung/Festigung/Nachfolge,Investition/Betriebsmittel,gruendung,"Investitionen und Betriebsmittel bei Gründungen, Nachfolgen und Festigungsmaßnahmen",Gründer/KMU in NRW mit Investitions- oder Betriebsmittelbedarf,,,,,,,laufend,,,,laufend,https://www.nrwbank.de/de/foerderung/foerderprodukte/60100/nrwbank-gruendung-und-wachstum.html,,2026-02-10,https://www.nrwbank.de/de/foerderung/foerderprodukte/60100/nrwbank-gruendung-und-wachstum.html
NRWBANK_INVEST_ZUKUNFT,NRW.BANK.Invest Zukunft,NRW.BANK,Darlehen,"Unternehmen, Stiftungen und Angehoerige der freien Berufe",Nordrhein-Westfalen,Transformation/Digitalisierung/Nachhaltigkeit,Investition,Investition,digitalisierung/nachhaltigkeit,"Investitionen in Transformation, digitale Prozesse und erneuerbare Energien","Unternehmen in NRW mit Investitionsvorhaben; Darlehen bis 10 Mio EUR, bis 100% Finanzierung",,,,bis 10 Mio EUR,,,laufend,,,,laufend,https://www.nrwbank.de/de/unternehmen/,,2026-02-09,https://www.nrwbank.de/de/unternehmen/
NRWBANK_UNIVERSALKREDIT,NRW.BANK.Universalkredit,NRW.BANK,Darlehen,Unternehmen in NRW,Nordrhein-Westfalen,Investition/Betriebsmittel,Investition/Betriebsmittel,Investition/Betriebsmittel,finanzierung,"Zinsguenstige Darlehen ohne Hoechstbetrag, bis 100% Finanzierung",Unternehmen in NRW mit Investitions- oder Betriebsmittelbedarf,,,,,,,laufend,,,,laufend,https://www.nrwbank.de/de/unternehmen/,,2026-02-09,https://www.nrwbank.de/de/unternehmen/
SAB_SACHSEN_GRUENDUNG,SAB Gruendung und Wachstum (Uebersicht),SAB,Darlehen/Zuschuss,Existenzgruender und Unternehmen in Sachsen,Sachsen,Gruendung/Wachstum,Gruendung/Wachstum,Investition/Betriebsmittel,gruendung,"Foerderprogramme fuer Gruendung, Wachstum und Investition in Sachsen",Gruender/Unternehmen in Sachsen; Finanzierungs- und Foerderbedarf,,,,,,,laufend,,,,laufend,https://www.sab.sachsen.de/foerderprogramme,,2026-02-09,https://www.sab.sachsen.de/foerderprogramme
SA_GRW_UNTERNEHMENSFOERDERUNG,GRW Unternehmensfoerderung (Sachsen-Anhalt),MWL Sachsen-Anhalt / IB,Zuschuss,Unternehmen der gewerblichen Wirtschaft in Sachsen-Anhalt,Sachsen-Anhalt,Regionalfoerderung/Investition,Investition,Investitionsvorhaben,investition,Investitionsvorhaben zur Staerkung der Wettbewerbsfaehigkeit und Schaffung von Arbeitsplaetzen,Unternehmen in Sachsen-Anhalt mit Investitionsvorhaben; Zuschuss ueber GRW,,,,,,,laufend,,,,laufend,https://mwl.sachsen-anhalt.de/ministerium/foerderung/grw-unternehmensfoerderung,,2026-02-09,https://mwl.sachsen-anhalt.de/ministerium/foerderung/grw-unternehmensfoerderung
SIKB_EFRE_NACHRANGDARLEHEN,EFRE Nachrangdarlehensfonds Saarland I (Wiederverwendung von EFRE-Fondsmitteln),SIKB / MWIDE Saarland,Nachrangdarlehen,KMU und Existenzgruender im Saarland,Saarland,Unternehmensfinanzierung,Gruendung/Festigung/Investition,Nachrangdarlehen,finanzierung,Staerkung Eigenkapitalbasis zur Finanzierung von Investitionen,KMU/Existenzgruender im Saarland mit Investitionskredit und Eigenkapitalbedarf,,,,,,,laufend,,,,laufend,https://www.foerderdatenbank.de/FDB/Content/DE/Foerderprogramm/Land/Saarland/efre-nachrangdarlehensfonds-i.html,,2026-02-09,https://www.foerderdatenbank.de/FDB/Content/DE/Foerderprogramm/Land/Saarland/efre-nachrangdarlehensfonds-i.html
SIKB_KBG_BETEILIGUNG,Beteiligungsprogramm der Saarlaendischen Kapitalbeteiligungsgesellschaft (KBG) – Kapitaloffensive,KBG / SIKB (Saarland),Beteiligung,Existenzgruender/innen und KMU im Saarland,Saarland,Unternehmensfinanzierung/Eigenkapital,Gruendung/Festigung/Wachstum,Beteiligungskapital,finanzierung,Staerkung der Eigenkapitalbasis durch Beteiligungskapital,KMU/Existenzgruender im Saarland mit Bedarf an Eigenkapital,,,,,,,laufend,,,,laufend,https://www.foerderdatenbank.de/FDB/Content/DE/Foerderprogramm/Land/Saarland/beteiligung-kbg-kmu.html,,2026-02-09,https://www.foerderdatenbank.de/FDB/Content/DE/Foerderprogramm/Land/Saarland/beteiligung-kbg-kmu.html
SIKB_RISIKOPARTNERSCHAFTEN,Risikopartnerschaften der Saarlaendischen Investitionskreditbank,SIKB (Saarland),Garantie/Risikoentlastung,Unternehmen im Saarland,Saarland,Unternehmensfinanzierung,Investition,Risikoteilung/Haftungsfreistellung,finanzierung,Risikoteilung fuer Bank- oder Leasingfinanzierungen,Unternehmen im Saarland mit Kreditfinanzierung; Risikoentlastung der Hausbank,,,,,,,laufend,,,,laufend,https://www.foerderdatenbank.de/FDB/Content/DE/Foerderprogramm/Land/Saarland/risikopartnerschaften-investitionskreditbank.html,,2026-02-09,https://www.foerderdatenbank.de/FDB/Content/DE/Foerderprogramm/Land/Saarland/risikopartnerschaften-investitionskreditbank.html
TAB_FOERDERPROGRAMME_BRANCHE,TAB Foerderprogramme nach Zielgruppe/Branche (Uebersicht),Thueringer Aufbaubank (TAB),Zuschuss/Darlehen (programmabhaengig),Unternehmen/Branchen in Thueringen (programmabhaengig),Thueringen,Branchenfoerderung/Unternehmensfoerderung,programmabhaengig,programmabhaengig,innovation/finanzierung,Uebersicht der Foerderprogramme nach Zielgruppe/Branche,Einstieg in TAB-Programme nach Branche/Zielgruppe,,,,,,,laufend,,,,laufend,https://www.aufbaubank.de/Foerderprogramme/Branche,,2026-02-09,https://www.aufbaubank.de/Foerderprogramme/Branche
WIBANK_HESSEN_UNTERNEHMEN,WIBank Foerderprogramme fuer Unternehmen,WIBank,Zuschuss/Darlehen,Unternehmen in Hessen,Hessen,Investition/Innovation,Investition/Innovation,Investition/Innovation,innovation,Uebersicht der Unternehmensfoerderung in Hessen,Unternehmen in Hessen; Foerderprogramme ueber WIBank,,,,,,,laufend,,,,laufend,https://www.wibank.de/wibank/unternehmen/foerderprogramme,,2026-02-09,https://www.wibank.de/wibank/unternehmen/foerderprogramme
ZIM_2025,Zentrales Innovationsprogramm Mittelstand (ZIM) - Richtlinie ab 2025,BMWK (ZIM) / Projekttraeger,Zuschuss,"KMU (u. a. junge/kleine Unternehmen, Erstinnovatoren)",Deutschland,Forschung und Entwicklung/Innovation,F&E-Projekte,Durchfuehrbarkeitsstudie | F&E-Einzelprojekt | F&E-Kooperationsprojekt | Innovationsnetzwerk,technologieoffen,F&E-Vorhaben inkl. Durchfuehrbarkeitsstudien und Innovationsnetzwerke,KMU + F&E-Projekt in Deutschland; technologieoffen; passende Projektform,,,,,,,laufend,2025-01-30,,,laufend,https://www.zim.de/ZIM/Redaktion/DE/Publikationen/Richtlinien/zim-richtlinie-ab-2025.html,28.11.2024 (veroeffentlicht 11.12.2024; gueltig ab 01.01.2025),2026-02-09,https://www.zim.de/ZIM/Redaktion/DE/Meldungen/2025/1/2025-01-30-Start-Antragstellung-ZIM-2025.html
ZIM_INT_CANADA_17,ZIM International: Kanada (17. Ausschreibung),BMWK/ZIM (DE) + NRC IRAP (CA),Zuschuss (national nach ZIM-Richtlinie),KMU in Deutschland mit kanadischem Kooperationspartner,Deutschland/Kanada,Forschung und Entwicklung/Innovation (international),F&E-Kooperationsprojekt,F&E-Kooperationsprojekt (international),technologieoffen,Gemeinsame deutsch-kanadische F&E-Projekte,KMU mit kanadischem Partner; Call offen bis 19.06.2026,,,,,,19.06.2026,offen,2026-02-03,2026-06-19,2026-06-19,offen,https://www.zim.de/ZIM/Redaktion/DE/Meldungen/2026-Internationale-Ausschreibungen/2026-02-03-17-ausschreibung-deutschland-kanada.html,,2026-02-08,https://www.zim.de/ZIM/Redaktion/DE/Meldungen/2026-Internationale-Ausschreibungen/2026-02-03-17-ausschreibung-deutschland-kanada.html
ZIM_INT_CHILE_4,ZIM International: Deutschland-Chile (4. Ausschreibung),BMWK/ZIM (DE) + CORFO (CL),Zuschuss (national nach ZIM-Richtlinie),KMU in Deutschland mit chilenischem Kooperationspartner,Deutschland/Chile,Forschung und Entwicklung/Innovation (international),F&E-Kooperationsprojekt,F&E-Kooperationsprojekt (international),technologieoffen,Gemeinsame deutsch-chilenische F&E-Projekte,KMU mit chilenischem Partner; Call offen bis 31.03.2026,,,,,,31.03.2026,offen,2025-10-01,2026-03-31,2026-03-31,offen,https://www.zim.de/ZIM/Redaktion/DE/Meldungen/2025-Internationale-Ausschreibungen/2025-10-01-4-ausschreibung-deutschland-chile.html,15.10.2025,2026-02-08,https://www.zim.de/ZIM/Redaktion/DE/Meldungen/2025-Internationale-Ausschreibungen/2025-10-01-4-ausschreibung-deutschland-chile.html
ZIM_INT_IRASME_37,ZIM International: IraSME (37. Ausschreibung),BMWK/ZIM (DE) + IraSME Netzwerk,Zuschuss (national nach ZIM-Richtlinie),KMU mit internationalen Kooperationspartnern (IraSME-Länder),International (IraSME),Forschung und Entwicklung/Innovation (international),F&E-Kooperationsprojekt,F&E-Kooperationsprojekt (international),technologieoffen,Gemeinsame internationale F&E-Projekte,KMU mit internationalem Partner; Call offen bis 25.03.2026,,,,,,25.03.2026,offen,2025-12-01,2026-03-25,2026-03-25,offen,https://www.zim.de/ZIM/Redaktion/DE/Meldungen/2025-Internationale-Ausschreibungen/2025-12-01-37-ausschreibung-irasme.html,01.12.2025,2026-02-08,https://www.zim.de/ZIM/Redaktion/DE/Meldungen/2025-Internationale-Ausschreibungen/2025-12-01-37-ausschreibung-irasme.html
ZIM_INT_PL_3,ZIM International: Deutschland-Polen (3. Ausschreibung),BMWK/ZIM (DE) + NCBR (PL),Zuschuss (national nach ZIM-Richtlinie),KMU in Deutschland mit polnischem Kooperationspartner,Deutschland/Polen,Forschung und Entwicklung/Innovation (international),F&E-Kooperationsprojekt,F&E-Kooperationsprojekt (international),technologieoffen,Gemeinsame deutsch-polnische F&E-Projekte,KMU mit polnischem Partner; internationale F&E-Kooperation; Call offen bis 30.04.2026,,,,,,30.04.2026,offen,2025-12-01,2026-04-30,2026-04-30,offen,https://www.zim.de/ZIM/Redaktion/DE/Meldungen/2025-Internationale-Ausschreibungen/2025-12-01-3-ausschreibung-deutschland-polen.html,01.12.2025,2026-02-08,https://www.zim.de/ZIM/Redaktion/DE/Meldungen/2025-Internationale-Ausschreibungen/2025-12-01-3-ausschreibung-deutschland-polen.html
ILB_BRANDENBURG_KREDIT_UNTERNEHMEN,Brandenburg-Kredit Unternehmen,ILB (Investitionsbank des Landes Brandenburg),Darlehen,Etablierte Unternehmen und Freiberufler (mind. 5 Jahre am Markt),Brandenburg,Unternehmensfinanzierung,Investition/Betriebsmittel/Unternehmensnachfolge,Investitions-/Betriebsmittel-/Uebernahmefinanzierung,finanzierung,"Investitionen, Betriebsmittel, Warenlager, Unternehmensuebernahmen und -beteiligungen","Etablierte Unternehmen/Freiberufler in Brandenburg mit Investitions-, Betriebsmittel- oder Uebernahmefinanzierung; Darlehen ueber Hausbank",,,,bis 25 Mio. EUR,,,laufend,,,,laufend,https://www.foerderdatenbank.de/FDB/Content/DE/Foerderprogramm/Land/Brandenburg/brandenburg-kredit-unternehmen.html,01.2022,2026-02-11,https://www.foerderdatenbank.de/FDB/Content/DE/Foerderprogramm/Land/Brandenburg/brandenburg-kredit-unternehmen.html
WIBANK_HESSENFONDS_KLEINDARLEHEN,HessenFonds Kleindarlehen,WIBank (Hessen),Direktdarlehen,Unternehmen aller Groessen mit Sitz oder Betriebsstaette in Hessen,Hessen,Unternehmensfinanzierung,Investition/Betriebsmittel,Darlehen,finanzierung,Direktdarlehen fuer Investitionen und Betriebsmittel,Unternehmen in Hessen mit Finanzierungsbedarf bis 300.000 EUR; Direktdarlehen,,,,35.000–300.000 EUR,,,laufend,,,,laufend,https://www.wibank.de/wibank/unternehmensfinanzierung/hessenfonds/hessenfonds-1.jsp,,2026-02-11,https://www.wibank.de/wibank/unternehmensfinanzierung/hessenfonds/hessenfonds-1.jsp
WIBANK_HESSENFONDS_GROSSDARLEHEN,HessenFonds Grossdarlehen,WIBank (Hessen),Direktdarlehen,Unternehmen aller Groessen mit Sitz oder Betriebsstaette in Hessen,Hessen,Unternehmensfinanzierung,Investition/Betriebsmittel,Darlehen,finanzierung,Direktdarlehen fuer Investitionen und Betriebsmittel,Unternehmen in Hessen mit groessem Finanzierungsbedarf; Direktdarlehen,,,,10–25 Mio. EUR,,,laufend,,,,laufend,https://www.wibank.de/wibank/unternehmensfinanzierung/hessenfonds/hessenfonds-1.jsp,,2026-02-11,https://www.wibank.de/wibank/unternehmensfinanzierung/hessenfonds/hessenfonds-1.jsp
WIBANK_HESSENFONDS_INNOVATIONSKREDIT,HessenFonds Innovationskredit,WIBank (Hessen),Darlehen,Innovative Unternehmen in Hessen,Hessen,Innovation/Digitalisierung,Investition/Betriebsmittel,Innovations-/Digitalisierungsvorhaben,innovation/digitalisierung,Finanzierung innovativer Vorhaben und Investitionen,Innovative Unternehmen in Hessen; Darlehen fuer Innovations- oder Digitalisierungsprojekte,,,,bis 1 Mio. EUR,,,laufend,,,,laufend,https://www.wibank.de/wibank/unternehmensfinanzierung/hessenfonds/hessenfonds-1.jsp,,2026-02-11,https://www.wibank.de/wibank/unternehmensfinanzierung/hessenfonds/hessenfonds-1.jsp
WIBANK_HESSENFONDS_GUW_ERP,HessenFonds Gruendung und Wachstum (ERP),WIBank (Hessen),Darlehen,KMU in Hessen,Hessen,Gruendung/Wachstum,Gruendung/Festigung/Nachfolge,Gruendung/Wachstum,gruendung,"Finanzierung von Gruendung, Wachstum und Nachfolge","KMU in Hessen mit Gruendungs-, Wachstums- oder Nachfolgevorhaben; Darlehen",,,,100.000–1.000.000 EUR,,,laufend,,,,laufend,https://www.wibank.de/wibank/unternehmensfinanzierung/hessenfonds/hessenfonds-1.jsp,,2026-02-11,https://www.wibank.de/wibank/unternehmensfinanzierung/hessenfonds/hessenfonds-1.jsp
WIBANK_HESSENFONDS_BETEILIGUNG,HessenFonds Beteiligungen,WIBank (Hessen),Beteiligungskapital,Unternehmen in Hessen,Hessen,Eigenkapital/Beteiligung,Wachstum/Skalierung,Beteiligung,finanzierung,Beteiligungskapital zur Staerkung der Eigenkapitalbasis,Unternehmen in Hessen mit Bedarf an Beteiligungskapital; HessenFonds Beteiligung,,,,200.000–10.000.000 EUR,,,laufend,,,,laufend,https://www.wibank.de/wibank/unternehmensfinanzierung/hessenfonds/hessenfonds-1.jsp,,2026-02-11,https://www.wibank.de/wibank/unternehmensfinanzierung/hessenfonds/hessenfonds-1.jsp
ISB_MITTELSTANDSKREDIT_665_667,Mittelstandskredit Rheinland-Pfalz (Kredit 665/667),ISB (Rheinland-Pfalz),Darlehen,Unternehmen in Rheinland-Pfalz,Rheinland-Pfalz,Unternehmensfinanzierung,Investition/Betriebsmittel,Investition/Betriebsmittel,finanzierung,Investitionen und Betriebsmittel,Unternehmen in RLP mit Investitions- oder Betriebsmittelbedarf; Kredit ueber ISB,,,,Investitionen bis 5 Mio. EUR; Betriebsmittel bis 2 Mio. EUR,,,laufend,,,,laufend,https://isb.rlp.de/foerderung/foerderung-a-bis-z.html,,2026-02-11,https://isb.rlp.de/foerderung/foerderung-a-bis-z.html
ISB_BETRIEBSMITTELKREDIT_605,Betriebsmittelkredit Rheinland-Pfalz (Kredit 605),ISB (Rheinland-Pfalz),Darlehen,Unternehmen in Rheinland-Pfalz,Rheinland-Pfalz,Unternehmensfinanzierung,Betriebsmittel,Betriebsmittel,finanzierung,Finanzierung von Betriebsmitteln,Unternehmen in RLP mit kurzfristigem Betriebsmittelbedarf; Kredit ueber ISB,,,,bis 5 Mio. EUR,,,laufend,,,,laufend,https://isb.rlp.de/foerderung/wachsen-und-investieren.html,,2026-02-11,https://isb.rlp.de/foerderung/wachsen-und-investieren.html
ISB_WEITERBILDUNGSKREDIT_601,Aus- und Weiterbildungskredit Rheinland-Pfalz (Kredit 601),ISB (Rheinland-Pfalz),Darlehen,Unternehmen in Rheinland-Pfalz,Rheinland-Pfalz,Weiterbildung/Qualifizierung,Qualifizierung,Weiterbildungsfinanzierung,skills,Finanzierung von Aus- und Weiterbildungsmaßnahmen,Unternehmen in RLP mit Qualifizierungsbedarf; Kredit ueber ISB,,,,bis 2 Mio. EUR,,,laufend,,,,laufend,https://isb.rlp.de/foerderung/foerderung-a-bis-z.html,,2026-02-11,https://isb.rlp.de/foerderung/foerderung-a-bis-z.html
ISB_BETRIEBSBERATUNG_158,Betriebsberatungsprogramm Rheinland-Pfalz (Zuschuss 158),ISB (Rheinland-Pfalz),Zuschuss,KMU in Rheinland-Pfalz,Rheinland-Pfalz,Beratung/Unternehmensentwicklung,Beratung/Planung,Unternehmensberatung,beratung,Zuschuss zu betriebswirtschaftlicher Beratung,KMU in RLP mit betriebswirtschaftlichem Beratungsbedarf; Zuschuss ueber ISB,,,,,,,laufend,,,,laufend,https://isb.rlp.de/foerderung/foerderung-a-bis-z.html,,2026-02-11,https://isb.rlp.de/foerderung/foerderung-a-bis-z.html
LBANK_INNOVATIONSFINANZIERUNG,L-Bank Innovationsfinanzierung (ab 01.07.2025),L-Bank,Darlehen (mit Zinsverbilligung/Tilgungszuschuss),KMU und groessere mittelstaendische Unternehmen in Baden-Wuerttemberg,Baden-Wuerttemberg,Innovation,Entwicklung/Markteinführung,Innovationsvorhaben,innovation,"Finanzierung von Entwicklungs-, Produktionsaufbau- und Vermarktungskosten innovativer Produkte/Prozesse/Geschäftsmodelle",Mittelstaendisches Unternehmen in BW mit Innovationsvorhaben; zinsverbilligtes Darlehen mit Tilgungszuschuss,,,,,,,laufend,2025-07-01,,,laufend,https://www.l-bank.de/produkte/wirtschaftsfoerderung/innovationsfinanzierung.html,01.07.2025 (Programmstart),2026-02-11,https://www.l-bank.de/produkte/wirtschaftsfoerderung/innovationsfinanzierung.html
SAB_SACHSENKREDIT_UNIVERSAL,"SAB Sachsenkredit ""Universal""",SAB (Saechsische Aufbaubank),Darlehen,KMU und grosse Unternehmen in Sachsen,Sachsen,Investition/Betriebsmittel,Investition/Betriebsmittel,Investitions-/Betriebsmitteldarlehen,finanzierung,"Investitionen und Betriebsmittel, inkl. Tilgungszuschuss-Option",Unternehmen in Sachsen mit Investitions- oder Betriebsmittelbedarf; Darlehen bis 20 Mio EUR,,,,bis 20 Mio. EUR,Tilgungszuschuss bis 10 % (variiert),,laufend,,,,laufend,https://www.sab.sachsen.de/sab-sachsenkredit-universal-neu,,2026-02-11,https://www.sab.sachsen.de/sab-sachsenkredit-universal-neu
NBANK_INVESTKREDIT,NBank Investkredit,NBank,Darlehen,KMU der gewerblichen Wirtschaft in Niedersachsen,Niedersachsen,Investition/Betriebsmittel,Investition/Betriebsmittel,Investitions-/Betriebsmitteldarlehen,finanzierung,Investitionen und Betriebsmittelfinanzierung,KMU in Niedersachsen mit Investitions- oder Betriebsmittelbedarf; Darlehen ueber Hausbank,,,,,,,laufend,,,,laufend,https://www.foerderdatenbank.de/FDB/Content/DE/Foerderprogramm/Land/Niedersachsen/nbank-investkredit.html,10.03.2025 (Produktinformation),2026-02-11,https://www.foerderdatenbank.de/FDB/Content/DE/Foerderprogramm/Land/Niedersachsen/nbank-investkredit.html
NBANK_MIKROSTARTER,NBank MikroSTARTer Niedersachsen,NBank,Darlehen,"Gruender/innen, junge Unternehmen (bis 5 Jahre) in Niedersachsen",Niedersachsen,Gruendung/Wachstum,Gruendung/Festigung,Mikrodarlehen,gruendung,"Ausgaben fuer Gruendung, Wachstum, Investitionen und Betriebsmittel",Gruender/innen oder junge KMU in Niedersachsen; Mikrodarlehen bis 40.000 EUR,,,,bis 40.000 EUR,,,laufend,,,,laufend,https://www.nbank.de/F%C3%B6rderprogramme/Aktuelle-F%C3%B6rderprogramme/MikroSTARTer-Niedersachsen.html,,2026-02-11,https://www.nbank.de/F%C3%B6rderprogramme/Aktuelle-F%C3%B6rderprogramme/MikroSTARTer-Niedersachsen.html
IFB_HAMBURG_KREDIT_GRUENDUNG_NACHFOLGE,Hamburg-Kredit Gruendung und Nachfolge,IFB Hamburg,Darlehen,"Gruender/innen, junge KMU, Freie Berufe (bis 5 Jahre am Markt) in Hamburg",Hamburg,Gruendung/Nachfolge,Gruendung/Nachfolge,Investitions-/Betriebsmitteldarlehen,gruendung,Investitionen und Betriebsmittel im Rahmen von Gruendung/Nachfolge,Gruender/innen oder junge KMU in Hamburg; Darlehen bis 1 Mio EUR,,,,bis 1.000.000 EUR,,,laufend,,,,laufend,https://www.ifbhh.de/ifb/foerderprogramm/hamburg-kredit-gruendung-und-nachfolge,,2026-02-11,https://www.ifbhh.de/ifb/foerderprogramm/hamburg-kredit-gruendung-und-nachfolge
IFB_HAMBURG_KREDIT_MIKRO,Hamburg-Kredit Mikro,IFB Hamburg,Darlehen,"Kleine Unternehmen, Selbststaendige, Freie Berufe in Hamburg (<= 50 MA, Umsatz/Bilanzsumme <= 10 Mio EUR)",Hamburg,Gruendung/Investition,Gruendung/Investition/Betriebsmittel,Mikrodarlehen,gruendung,Investitionen und Betriebsmittel,Kleine Unternehmen/Selbststaendige in Hamburg; Mikrodarlehen 5.000–40.000 EUR,,50,10000000,5.000–40.000 EUR,,,laufend,,,,laufend,https://www.ifbhh.de/foerderprogramm/hamburg-kredit-mikro,,2026-02-11,https://www.ifbhh.de/foerderprogramm/hamburg-kredit-mikro
IBB_PROFIT_FRUEHPHASE,Pro FIT - Fruehphasenfinanzierung,Investitionsbank Berlin (IBB),Zuschuss und Darlehen,Technologieorientierte Gruendungen (KU) mit Sitz in Berlin,Berlin,Innovation/F&E,Fruehphase/Anlauf,Innovationsprojekt (FuE-Ankerprojekt),innovation,Aufbau Infrastruktur und Personalkapazitaeten fuer Innovationsprojekt; Anlaufkosten,Junge technologieorientierte Gruendung in Berlin mit Innovationsvorhaben; Zuschuss/Darlehen bis 500.000 EUR,,,,bis 500.000 EUR,Finanzierungsanteil bis 100 %,,laufend,,,,laufend,https://www.ibb.de/de/foerderprogramme/pro-fit-fruehphasenfinanzierung.html,,2026-02-11,https://www.ibb.de/de/foerderprogramme/pro-fit-fruehphasenfinanzierung.html
IBB_PROFIT_PROJEKTFINANZIERUNG,Pro FIT - Projektfinanzierung,Investitionsbank Berlin (IBB),Zuschuss und Darlehen,KMU (auch im Verbund) und Forschungseinrichtungen mit Sitz in Berlin,Berlin,Forschung und Entwicklung,Industrielle Forschung/Experimentelle Entwicklung/Markteinführung,F&E-Projekt (Einzel- oder Verbundprojekt),innovation,Projektbezogene FuE-Ausgaben inkl. Personalausgaben und Pauschalen,"Berliner KMU/Forschungseinrichtungen mit FuE-Projekt; Zuschuss und Darlehen, Finanzierungsanteil bis 80 %",,,,"Darlehen bis 1 Mio. EUR, Zuschuss bis 500.000 EUR",Finanzierungsanteil bis 80 %,,laufend,,,,laufend,https://www.ibb.de/de/foerderprogramme/pro-fit-projektfinanzierung.html,,2026-02-11,https://www.ibb.de/de/foerderprogramme/pro-fit-projektfinanzierung.html
LBANK_GUW_BW,Gruendungs- und Wachstumsfinanzierung Baden-Wuerttemberg (GuW-BW),L-Bank,Darlehen,KMU und junge Unternehmen in Baden-Wuerttemberg,Baden-Wuerttemberg,Gruendung/Wachstum,Gruendung/Festigung/Nachfolge,Investition/Betriebsmittel,gruendung,"Finanzierung von Gruendung, Wachstum und Nachfolge (Investitionen/Betriebsmittel)","KMU/junge Unternehmen in BW mit Gruendungs-, Wachstums- oder Nachfolgevorhaben; zinsguenstiges Darlehen",,,,,,,laufend,,,,laufend,https://www.l-bank.de/produkte/wirtschaftsfoerderung/guw-bw.html,,2026-02-11,https://www.l-bank.de/produkte/wirtschaftsfoerderung/guw-bw.html
LBANK_DIGITALISIERUNGSFINANZIERUNG,L-Bank Digitalisierungsfinanzierung,L-Bank,Darlehen,KMU in Baden-Wuerttemberg,Baden-Wuerttemberg,Digitalisierung,Investition/Betriebsmittel,Digitalisierungsvorhaben,digitalisierung,Finanzierung von Digitalisierungsvorhaben,KMU in BW mit Digitalisierungsprojekt; Darlehen mit Zinsverbilligung/Tilgungszuschuss moeglich,,,,,,,laufend,,,,laufend,https://www.l-bank.de/produkte/wirtschaftsfoerderung/digitalisierungsfinanzierung.html,,2026-02-11,https://www.l-bank.de/produkte/wirtschaftsfoerderung/digitalisierungsfinanzierung.html
LFA_UNIVERSALKREDIT,LfA Universalkredit,LfA Foerderbank Bayern,Darlehen,Gewerbliche Unternehmen und Freiberufler mit Jahresumsatz bis 500 Mio. EUR,Bayern,Unternehmensfinanzierung,Investition/Betriebsmittel,Investitions-/Betriebsmitteldarlehen,finanzierung,"Investitionen, Waren und Betriebsmittel (universell einsetzbar)",Unternehmen/Freiberufler in Bayern mit Investitions- oder Betriebsmittelbedarf; Darlehen ueber Hausbank,,,500000000,bis 25 Mio. EUR pro Vorhaben,,,laufend,,,,laufend,https://www.lfa.de/website/de/foerderangebote/finanzierung/stabilisierung/foerderangebot/Darlehen/index.php,,2026-02-11,https://www.lfa.de/website/de/foerderangebote/finanzierung/stabilisierung/foerderangebot/Darlehen/index.php
LFA_GUW_JUNGE_UNTERNEHMEN,LfA Gruendungs- und Wachstumskredit (GuW) - Junge Unternehmen,LfA Foerderbank Bayern,Darlehen,"Junge Unternehmen, Gruendung und Betriebsuebernahme (bis 5 Jahre)",Bayern,Gruendung/Wachstum,Gruendung/Betriebsuebernahme,Investition/Betriebsmittel,gruendung,"Neugruendungen, Betriebsuebernahmen, taetige Beteiligungen; Investitionen und Betriebsmittel",Junge Unternehmen/ Gruender in Bayern mit Gruendungs- oder Uebernahmevorhaben; Darlehen bis 20 Mio EUR,,,,bis 20 Mio. EUR pro Vorhaben,,,laufend,,,,laufend,https://www.lfa.de/website/de/foerderangebote/gruendung/index.php,,2026-02-11,https://www.lfa.de/website/de/foerderangebote/gruendung/index.php
LFA_GUW_ETABLIERT,LfA Gruendungs- und Wachstumskredit (GuW) - Etablierte Unternehmen,LfA Foerderbank Bayern,Darlehen,Etablierte Unternehmen und Freiberufler (KMU) in Bayern,Bayern,Wachstum/Investition,Wachstum/Betriebsmittel,Investition/Betriebsmittel,wachstum,"Wachstumsinvestitionen, Waren und Betriebsmittel",Etablierte KMU/Freiberufler in Bayern mit Investitions- oder Betriebsmittelbedarf; Darlehen bis 20 Mio EUR,,,,bis 20 Mio. EUR pro Vorhaben,,,laufend,,,,laufend,https://www.lfa.de/website/de/foerderangebote/gruendung-wachstum/wachstum/index.php,,2026-02-11,https://www.lfa.de/website/de/foerderangebote/gruendung-wachstum/wachstum/index.php
NRW_MID_DIGITALISIERUNG,Mittelstand Innovativ & Digital (MID) - Digitalisierung,NRW.BANK / Land NRW,Zuschuss,KMU in Nordrhein-Westfalen,Nordrhein-Westfalen,Digitalisierung/Innovation,Innovation/Umsetzung,Digitalisierungsprojekt,digitalisierung,Entwicklung oder Weiterentwicklung digitaler Produkte mit hohem Innovationspotenzial,KMU in NRW mit Digitalisierungsprojekt; Zuschuss 50% bis 15.000 EUR,,,,max. 15.000 EUR (Bagatellgrenze 4.000 EUR),50 % der foerderfaehigen Ausgaben,Losverfahren/monatliche Registrierung,offen,,,,offen,https://www.nrwbank.de/de/foerderung/foerderprodukte/60348/produktdetail.html,,2026-02-11,https://www.nrwbank.de/de/foerderung/foerderprodukte/60348/produktdetail.html
IB_SH_INNOVATION,Innovationsprogramm (IB.SH),IB.SH (Investitionsbank Schleswig-Holstein),Zuschuss,KMU und Forschungseinrichtungen in Schleswig-Holstein,Schleswig-Holstein,Forschung und Innovation,F&E/Innovation,Innovationsprojekt,innovation,Projekte zur Entwicklung innovativer Produkte/Prozesse/Dienstleistungen,KMU/Forschungseinrichtungen in SH mit Innovationsprojekt; Zuschuss,,,,,,,laufend,,,,laufend,https://www.ib-sh.de/foerderprogramme/innovationsprogramm/,,2026-02-11,https://www.ib-sh.de/foerderprogramme/innovationsprogramm/
IB_SH_DIGITALISIERUNG,Digitalisierungsprogramm (IB.SH),IB.SH (Investitionsbank Schleswig-Holstein),Zuschuss,KMU in Schleswig-Holstein,Schleswig-Holstein,Digitalisierung,Implementierung/Umsetzung,Digitalisierungsprojekt,digitalisierung,"Einführung/Optimierung digitaler Prozesse, Produkte und Dienstleistungen",KMU in SH mit Digitalisierungsprojekt; Zuschuss,,,,,,,laufend,,,,laufend,https://www.ib-sh.de/foerderprogramme/digitalisierungsprogramm/,,2026-02-11,https://www.ib-sh.de/foerderprogramme/digitalisierungsprogramm/
IB_SH_ENERGIEWENDE,Energiewende- und Klimaschutzprogramm (IB.SH),IB.SH (Investitionsbank Schleswig-Holstein),Zuschuss,Unternehmen und andere Antragsteller in Schleswig-Holstein,Schleswig-Holstein,Energieeffizienz/Klimaschutz,Investition/Modernisierung,Energie-/Klimaschutzprojekt,energieeffizienz,Vorhaben zur Energiewende und zum Klimaschutz,Antragsteller in SH mit Klimaschutz-/Energiewendevorhaben; Zuschuss,,,,,,,laufend,,,,laufend,https://www.ib-sh.de/foerderprogramme/energiewende-und-klimaschutzprogramm/,,2026-02-11,https://www.ib-sh.de/foerderprogramme/energiewende-und-klimaschutzprogramm/
MBB_WACHSTUMSAGENTUR,Wachstumsagenturen Brandenburg (MBB/ILB Finanzierung/Capital),MBB / ILB (Brandenburg),Beteiligung/Darlehen (programmabhaengig),Wachstumsorientierte KMU und Startups in Brandenburg,Brandenburg,Wachstum/Eigenkapital,Wachstum/Skalierung,Eigenkapital/Mezzanine,finanzierung,Wachstumsfinanzierung ueber Beteiligungs- und Mezzanineinstrumente,Wachstumsorientierte Unternehmen in Brandenburg mit Kapitalbedarf; Zugang ueber MBB-Wachstumsagenturen,,,,,,,laufend,,,,laufend,https://www.mbb-mittelstand.de/wachstumsagentur/,,2026-02-11,https://www.mbb-mittelstand.de/wachstumsagentur/
BAB_BREMEN_MIKRO,Mikrokredit (BAB Bremen),BAB Bremen,Darlehen,"Existenzgruender/innen, kleine Unternehmen in Bremen/Bremerhaven",Bremen,Gruendung/Investition,Gruendung/Festigung,Mikrodarlehen,gruendung,Investitionen und Betriebsmittel,Gruender/kleine Unternehmen in Bremen mit kleinem Finanzierungsbedarf; Mikrokredit,,,,bis 25.000 EUR,,,laufend,,,,laufend,https://www.bab-bremen.de/foerderung/foerderprogramme/mikrokredit,,2026-02-11,https://www.bab-bremen.de/foerderung/foerderprogramme/mikrokredit
TAB_INNOVATION_FUE,TAB Innovation (F&E) Thueringen,Thueringer Aufbaubank (TAB),Zuschuss,KMU und Forschungseinrichtungen in Thueringen,Thueringen,Forschung und Entwicklung,F&E/Innovation,F&E-Projekt,innovation,FuE-Projekte und Innovationsvorhaben in Thueringen,KMU/Forschungseinrichtungen in Thueringen mit F&E-Projekt; Zuschuss ueber TAB Innovation,,,,,,,laufend,,,,laufend,https://www.aufbaubank.de/Foerderprogramme/TAB-Innovation,,2026-02-11,https://www.aufbaubank.de/Foerderprogramme/TAB-Innovation
NRW_MID_INNOVATION,Mittelstand Innovativ & Digital (MID) - Innovation,NRW.BANK / Land NRW,Zuschuss,KMU in Nordrhein-Westfalen,Nordrhein-Westfalen,Innovation/F&E,Innovation/Umsetzung,Innovationsprojekt,innovation,Innovationsprojekte zur Entwicklung neuer Produkte/Verfahren,"KMU in NRW mit Innovationsprojekt; Zuschuss (Stufe/Losverfahren, projektbezogen)",,,,,,Losverfahren/monatliche Registrierung,offen,,,,offen,https://www.nrwbank.de/de/foerderung/foerderprodukte/60346/produktdetail.html,,2026-02-11,https://www.nrwbank.de/de/foerderung/foerderprodukte/60346/produktdetail.html
NRW_MID_DIGITALSICHERHEIT,Mittelstand Innovativ & Digital (MID) - Digitale Sicherheit,NRW.BANK / Land NRW,Zuschuss,KMU in Nordrhein-Westfalen,Nordrhein-Westfalen,IT-Sicherheit/Digitalisierung,Umsetzung,IT-Sicherheitsprojekt,cybersecurity,Projekte zur Erhoehung der digitalen Sicherheit,KMU in NRW mit IT-Sicherheitsprojekt; Zuschuss (Losverfahren/monatliche Registrierung),,,,,,Losverfahren/monatliche Registrierung,offen,,,,offen,https://www.nrwbank.de/de/foerderung/foerderprodukte/60347/produktdetail.html,,2026-02-11,https://www.nrwbank.de/de/foerderung/foerderprodukte/60347/produktdetail.html
NRW_MID_ASSISTENZ,Mittelstand Innovativ & Digital (MID) - Digitale Assistenzsysteme,NRW.BANK / Land NRW,Zuschuss,KMU in Nordrhein-Westfalen,Nordrhein-Westfalen,Digitalisierung,Umsetzung,Assistenzsysteme/Prototyp,digitalisierung,Entwicklung/Einführung digitaler Assistenzsysteme,KMU in NRW mit Assistenzsystem-Projekt; Zuschuss (Losverfahren/monatliche Registrierung),,,,,,Losverfahren/monatliche Registrierung,offen,,,,offen,https://www.nrwbank.de/de/foerderung/foerderprodukte/60349/produktdetail.html,,2026-02-11,https://www.nrwbank.de/de/foerderung/foerderprodukte/60349/produktdetail.html
NRW_MID_INNOVATION_TRANSFER,Mittelstand Innovativ & Digital (MID) - Innovations-/Digitalscouts,NRW.BANK / Land NRW,Zuschuss,KMU in Nordrhein-Westfalen,Nordrhein-Westfalen,Innovation/Digitalisierung,Transfer/Vorbereitung,Innovations-/Digitalscouts,innovation,Innovations- und Digitalisierungsberatung durch Scouts,KMU in NRW mit Bedarf an Innovations-/Digitalisierungsberatung; Zuschuss,,,,,,,laufend,,,,laufend,https://www.nrwbank.de/de/foerderung/foerderprodukte/60355/produktdetail.html,,2026-02-11,https://www.nrwbank.de/de/foerderung/foerderprodukte/60355/produktdetail.html
N_BANK_NDS_INNOVATION,NBank Innovationsfoerderprogramm (Niedersachsen),NBank,Zuschuss,KMU und Forschungseinrichtungen in Niedersachsen,Niedersachsen,Forschung und Entwicklung,F&E/Innovation,F&E-Projekt,innovation,Forschungs- und Entwicklungsprojekte sowie Innovationsvorhaben,KMU/Forschungseinrichtungen in Niedersachsen mit F&E-Projekt; Zuschuss,,,,,,,laufend,,,,laufend,https://www.nbank.de/F%C3%B6rderprogramme/Aktuelle-F%C3%B6rderprogramme/Innovationsf%C3%B6rderprogramm.html,,2026-02-11,https://www.nbank.de/F%C3%B6rderprogramme/Aktuelle-F%C3%B6rderprogramme/Innovationsf%C3%B6rderprogramm.html
SAB_EFRE_INNOVATION,SAB: Innovation (EFRE) - Forschung und Entwicklung,SAB (Saechsische Aufbaubank),Zuschuss,KMU und Forschungseinrichtungen in Sachsen,Sachsen,Forschung und Entwicklung,F&E/Innovation,F&E-Projekt,innovation,FuE-Projekte und Innovationsvorhaben (EFRE),KMU/Forschungseinrichtungen in Sachsen mit FuE-Projekt; Zuschuss ueber SAB EFRE Innovation,,,,,,,laufend,,,,laufend,https://www.sab.sachsen.de/innovation-efre,,2026-02-11,https://www.sab.sachsen.de/innovation-efre
ILB_PROFIT_BRANDENBURG,ProFIT Brandenburg (Innovationsfoerderung),ILB (Brandenburg),Zuschuss und Darlehen,KMU und Forschungseinrichtungen in Brandenburg,Brandenburg,Forschung und Entwicklung,F&E/Innovation,Innovationsprojekt,innovation,Innovative Projekte in Entwicklung/Markteinführung,KMU/Forschungseinrichtungen in Brandenburg mit Innovationsvorhaben; Zuschuss/Darlehen,,,,,,,laufend,,,,laufend,https://www.ilb.de/de/foerderung/foerderprodukte/profit/,,2026-02-11,https://www.ilb.de/de/foerderung/foerderprodukte/profit/
SA_INVESTIERT,Sachsen-Anhalt INVESTIERT,Investitionsbank Sachsen-Anhalt (IB),Zuschuss,KMU in Sachsen-Anhalt (produzierendes Gewerbe/Handwerk/Einzelhandel/Dienstleistung/Beherbergung/Gaststaetten),Sachsen-Anhalt,Investition/Resilienz,Investition,Investitionsprojekt,investition,Investitionsanreize zur Staerkung der Resilienz und Schaffung/Sicherung von Dauerarbeitsplaetzen,"KMU in Sachsen-Anhalt mit Investitionsvorhaben; aktueller Call geschlossen, naechster Call angekuendigt",,,,,bis 35 % (programmspezifisch),Call geschlossen; neuer Aufruf folgt,geplant,,2025-10-20,2025-10-20,zukuenftig,https://www.ib-sachsen-anhalt.de/de/unternehmen/investieren-finanzieren/investiert,,2026-02-11,https://www.ib-sachsen-anhalt.de/de/unternehmen/investieren-finanzieren/investiert
SAB_INNOVATIONSPRAEMIE,Innovationspraemie (Sachsen),SAB (Saechsische Aufbaubank),Zuschuss,KMU in Sachsen,Sachsen,Innovation/Produktentwicklung,F&E/Innovation,F&E-Dienstleistungen,innovation,Zuschuss fuer externe FuE-Dienstleistungen zur Produkt-/Verfahrensinnovation,KMU in Sachsen mit Bedarf an externen FuE-Dienstleistungen; Zuschuss bis 20.000 EUR/Jahr,,,,bis 20.000 EUR pro Kalenderjahr,bis 50 % der zuwendungsfaehigen Ausgaben,,laufend,,,,laufend,https://sab.sachsen.de/innovationspr%C3%A4mie1,,2026-02-11,https://sab.sachsen.de/innovationspr%C3%A4mie1
SAB_DIGITALISIERUNG_EFRE_2021_2027,Digitalisierung Zuschuss EFRE 2021-2027 (Sachsen),SAB (Saechsische Aufbaubank),Zuschuss,Unternehmen in Sachsen (insb. Kleinstunternehmen),Sachsen,Digitalisierung,Heranfuehrung/Transformation,Digitalisierungsvorhaben,digitalisierung,Heranfuehrung und Transformation der Digitalisierungsthemen im Unternehmen,Unternehmen in Sachsen mit Digitalisierungsbedarf; Zuschuss EFRE 2021-2027,,,,,,,laufend,,,,laufend,https://sab.sachsen.de/f%C3%B6rderrichtlinie-digitalisierung-zuschuss-efre-2021-bis-2027,,2026-02-11,https://sab.sachsen.de/f%C3%B6rderrichtlinie-digitalisierung-zuschuss-efre-2021-bis-2027
SAB_TECHTRANSFER,Technologietransferfoerderung (Sachsen),SAB (Saechsische Aufbaubank),Zuschuss,KMU in Sachsen,Sachsen,Innovation/Technologietransfer,F&E/Innovation,Technologietransfer,innovation,"Erwerb von Patenten, Lizenzen, Anpassungsentwicklungen und Beratungsleistungen",KMU in Sachsen mit Technologietransferbedarf; Zuschuss (EFRE/JTF),,,,,,,laufend,,,,laufend,https://www.sab.sachsen.de/technologietransferf%C3%B6rderung,,2026-02-11,https://www.sab.sachsen.de/technologietransferf%C3%B6rderung
IBB_FOERDERPROGRAMME_AZ,IBB Foerderprogramme A-Z (Uebersicht),Investitionsbank Berlin (IBB),Programmuebersicht,Unternehmen/Startups in Berlin,Berlin,Programmuebersicht,Uebersicht,Uebersicht,uebersicht,Uebersicht der IBB-Foerderprogramme,Einstiegspunkt fuer Berliner Unternehmen zu IBB-Programmen,,,,,,,laufend,,,,laufend,https://www.ibb.de/de/wirtschaftsfoerderung/foerderprogramme-a-z/foerderprogramme-a-z.html,,2026-02-11,https://www.ibb.de/de/wirtschaftsfoerderung/foerderprogramme-a-z/foerderprogramme-a-z.html
IBM_GRUENDUNGSMIKRO_SA,Gruendungsmikrodarlehen Sachsen-Anhalt,Investitionsbank Sachsen-Anhalt (IB),Darlehen,Gruender/innen und junge Unternehmen in Sachsen-Anhalt,Sachsen-Anhalt,Gruendung,Gruendung/Festigung,Mikrodarlehen,gruendung,Finanzierung von Gruendungsvorhaben und ersten Investitionen,Gruender/innen in Sachsen-Anhalt mit kleinem Finanzierungsbedarf; Mikrodarlehen,,,,,,,laufend,,,,laufend,https://www.ib-sachsen-anhalt.de/de/unternehmen/gruenden-und-wachsen/gruendungsmikrodarlehen,,2026-02-11,https://www.ib-sachsen-anhalt.de/de/unternehmen/gruenden-und-wachsen/gruendungsmikrodarlehen
IBM_WACHSTUM_SA,Wachstumsfinanzierung Sachsen-Anhalt (IB),Investitionsbank Sachsen-Anhalt (IB),Darlehen,KMU in Sachsen-Anhalt,Sachsen-Anhalt,Wachstum/Investition,Investition/Betriebsmittel,Investitions-/Betriebsmitteldarlehen,finanzierung,Wachstumsinvestitionen und Betriebsmittel,KMU in Sachsen-Anhalt mit Wachstumsfinanzierung; Darlehen,,,,,,,laufend,,,,laufend,https://www.ib-sachsen-anhalt.de/de/unternehmen/investieren-finanzieren/wachstum,,2026-02-11,https://www.ib-sachsen-anhalt.de/de/unternehmen/investieren-finanzieren/wachstum
IBM_DARLEHEN_UNTERNEHMEN_SA,Darlehen fuer Unternehmen Sachsen-Anhalt (IB),Investitionsbank Sachsen-Anhalt (IB),Darlehen,Unternehmen in Sachsen-Anhalt,Sachsen-Anhalt,Unternehmensfinanzierung,Investition/Betriebsmittel,Investitions-/Betriebsmitteldarlehen,finanzierung,Investitionen und Betriebsmittel,Unternehmen in Sachsen-Anhalt mit Finanzierungsbedarf; Darlehen ueber IB,,,,,,,laufend,,,,laufend,https://www.ib-sachsen-anhalt.de/de/unternehmen/investieren-finanzieren,,2026-02-11,https://www.ib-sachsen-anhalt.de/de/unternehmen/investieren-finanzieren
IBB_TECHNOLOGIECOACHING,IBB Technologiecoaching,Investitionsbank Berlin (IBB),Zuschuss,Technologieorientierte Startups und KMU in Berlin,Berlin,Innovation/Beratung,Beratung/Planung,Technologieberatung,beratung,Zuschuss zu technologiebezogenen Beratungsleistungen,Technologieorientierte Unternehmen in Berlin mit Beratungsbedarf; Zuschuss,,,,bis 15.000 EUR,bis 70 %,,laufend,,,,laufend,https://www.ibb.de/de/foerderprogramme/technologiecoaching.html,,2026-02-11,https://www.ibb.de/de/foerderprogramme/technologiecoaching.html
IBB_GO_BIO_INITIAL,Go-Bio initial (Berlin),Investitionsbank Berlin (IBB),Zuschuss,Forschungsbasierte Teams/Startups in Berlin (Life Sciences),Berlin,Biotech/DeepTech,F&E/Innovation,Gruendungsvorbereitung/Validierung,innovation,Validierung und Vorbereitung von forschungsbasierten Gruendungsvorhaben,Forschungsbasierte Teams in Berlin mit Life-Science-Innovationen; Zuschuss,,,,,,,offen,,,,offen,https://www.ibb.de/de/foerderprogramme/go-bio-initial.html,,2026-02-11,https://www.ibb.de/de/foerderprogramme/go-bio-initial.html
IBB_INNOVATIONSASSISTENZ,Innovationsassistent/in (Berlin),Investitionsbank Berlin (IBB),Zuschuss,KMU in Berlin,Berlin,Innovation/Personal,Personalaufbau,Innovationspersonal,innovation,Foerderung von Innovationsassistenten zur Unterstuetzung von FuE/Innovation,Berliner KMU mit Bedarf an Innovationspersonal; Zuschuss,,,,,,,laufend,,,,laufend,https://www.ibb.de/de/foerderprogramme/innovationsassistent-in.html,,2026-02-11,https://www.ibb.de/de/foerderprogramme/innovationsassistent-in.html
TAB_FORSCHUNGS_FOERDERUNG,Forschung und Entwicklung (TAB) - Thueringen,Thueringer Aufbaubank (TAB),Zuschuss,KMU und Forschungseinrichtungen in Thueringen,Thueringen,Forschung und Entwicklung,F&E/Innovation,F&E-Projekt,innovation,Forschungs- und Entwicklungsprojekte,KMU/Forschungseinrichtungen in Thueringen mit F&E-Projekt; Zuschuss,,,,,,,laufend,,,,laufend,https://www.aufbaubank.de/Foerderprogramme/Forschung-Entwicklung,,2026-02-11,https://www.aufbaubank.de/Foerderprogramme/Forschung-Entwicklung
TAB_DIGITALISIERUNG_TUERINGEN,Digitalisierung (TAB) - Thueringen,Thueringer Aufbaubank (TAB),Zuschuss,KMU in Thueringen,Thueringen,Digitalisierung,Implementierung/Umsetzung,Digitalisierungsvorhaben,digitalisierung,Digitalisierungsvorhaben in Unternehmen,KMU in Thueringen mit Digitalisierungsprojekt; Zuschuss ueber TAB,,,,,,,laufend,,,,laufend,https://www.aufbaubank.de/Foerderprogramme/Digitalisierung,,2026-02-11,https://www.aufbaubank.de/Foerderprogramme/Digitalisierung
TAB_ENERGIE_KLIMA,Energie und Klimaschutz (TAB) - Thueringen,Thueringer Aufbaubank (TAB),Zuschuss,Unternehmen/Kommunen in Thueringen (programmabhaengig),Thueringen,Energieeffizienz/Klimaschutz,Investition/Modernisierung,Energie-/Klimaschutzprojekt,energieeffizienz,Vorhaben zur Energieeffizienz und zum Klimaschutz,Antragsteller in Thueringen mit Energie-/Klimaschutzvorhaben; Zuschuss ueber TAB,,,,,,,laufend,,,,laufend,https://www.aufbaubank.de/Foerderprogramme/Energie-Klimaschutz,,2026-02-11,https://www.aufbaubank.de/Foerderprogramme/Energie-Klimaschutz
ISB_WF_WEITERBILDUNG,Weiterbildungsfoerderung (ISB / RLP),ISB (Rheinland-Pfalz),Zuschuss,Unternehmen und Beschaeftigte in Rheinland-Pfalz,Rheinland-Pfalz,Weiterbildung/Qualifizierung,Qualifizierung,Weiterbildung,skills,Foerderung von beruflicher Weiterbildung/Qualifizierung,Unternehmen/Beschaeftigte in RLP mit Weiterbildungsbedarf; Zuschuss,,,,,,,laufend,,,,laufend,https://isb.rlp.de/foerderung/foerderung-a-bis-z.html,,2026-02-11,https://isb.rlp.de/foerderung/foerderung-a-bis-z.html
ISB_DIGITALISIERUNG_RLP,Digitalisierung in Unternehmen (ISB / RLP),ISB (Rheinland-Pfalz),Zuschuss/Darlehen (programmabhaengig),KMU in Rheinland-Pfalz,Rheinland-Pfalz,Digitalisierung,Implementierung/Umsetzung,Digitalisierungsvorhaben,digitalisierung,Digitalisierungsvorhaben in Unternehmen,KMU in RLP mit Digitalisierungsprojekt; Foerderung ueber ISB Programme,,,,,,,laufend,,,,laufend,https://isb.rlp.de/foerderung/innovation-und-digitalisierung.html,,2026-02-11,https://isb.rlp.de/foerderung/innovation-und-digitalisierung.html
ISB_INNOVATION_RLP,Innovation in Unternehmen (ISB / RLP),ISB (Rheinland-Pfalz),Zuschuss/Darlehen (programmabhaengig),KMU in Rheinland-Pfalz,Rheinland-Pfalz,Innovation/F&E,F&E/Innovation,Innovationsprojekt,innovation,Innovations- und FuE-Vorhaben,KMU in RLP mit Innovationsprojekt; Foerderung ueber ISB Programme,,,,,,,laufend,,,,laufend,https://isb.rlp.de/foerderung/innovation-und-digitalisierung.html,,2026-02-11,https://isb.rlp.de/foerderung/innovation-und-digitalisierung.html
ISB_ENERGIE_RLP,Energie in Unternehmen (ISB / RLP),ISB (Rheinland-Pfalz),Zuschuss/Darlehen (programmabhaengig),Unternehmen in Rheinland-Pfalz,Rheinland-Pfalz,Energieeffizienz/Klimaschutz,Investition/Modernisierung,Energie-/Klimaschutzprojekt,energieeffizienz,Energieeffizienz- und Klimaschutzvorhaben in Unternehmen,Unternehmen in RLP mit Energieeffizienz-/Klimaschutzvorhaben; Foerderung ueber ISB Programme,,,,,,,laufend,,,,laufend,https://isb.rlp.de/foerderung/energie.html,,2026-02-11,https://isb.rlp.de/foerderung/energie.html
N_BANK_KMU_KREDIT,NBank KMU-Kredit,NBank,Darlehen,KMU in Niedersachsen,Niedersachsen,Unternehmensfinanzierung,Investition/Betriebsmittel,Investitions-/Betriebsmitteldarlehen,finanzierung,Investitionen und Betriebsmittel,KMU in Niedersachsen mit Investitions- oder Betriebsmittelbedarf; Darlehen ueber Hausbank,,,,,,,laufend,,,,laufend,https://www.nbank.de/Unternehmen/Gr%C3%BCnden-Wachsen/KMU-Kredit/,,2026-02-11,https://www.nbank.de/Unternehmen/Gr%C3%BCnden-Wachsen/KMU-Kredit/
N_BANK_KMU_KREDIT_NIEDRIGSCHWELLIG,NBank KMU-Kredit (Niedrigschwellig),NBank,Darlehen,KMU in Niedersachsen,Niedersachsen,Unternehmensfinanzierung,Investition/Betriebsmittel,Investitions-/Betriebsmitteldarlehen,finanzierung,Investitionen und Betriebsmittel (vereinfachtes Verfahren),KMU in Niedersachsen mit kleinerem Finanzierungsbedarf; vereinfachtes Verfahren,,,,,,,laufend,,,,laufend,https://www.nbank.de/Unternehmen/Gr%C3%BCnden-Wachsen/KMU-Kredit-niedrigschwellig/,,2026-02-11,https://www.nbank.de/Unternehmen/Gr%C3%BCnden-Wachsen/KMU-Kredit-niedrigschwellig/
N_BANK_GRUENDUNG_KREDIT,NBank Gruendungs- und Wachstumskredit,NBank,Darlehen,Existenzgruender und junge Unternehmen in Niedersachsen,Niedersachsen,Gruendung/Wachstum,Gruendung/Festigung,Investition/Betriebsmittel,gruendung,Finanzierung von Gruendung und Wachstum (Investition/Betriebsmittel),Gruender/innen und junge Unternehmen in Niedersachsen; Darlehen ueber Hausbank,,,,,,,laufend,,,,laufend,https://www.nbank.de/Unternehmen/Gr%C3%BCnden-Wachsen/Gr%C3%BCndungs--und-Wachstumskredit/,,2026-02-11,https://www.nbank.de/Unternehmen/Gr%C3%BCnden-Wachsen/Gr%C3%BCndungs--und-Wachstumskredit/
N_BANK_NDS_GRUENDUNGSSTIPENDIUM,Niedersachsen Gruendungsstipendium,NBank / Land Niedersachsen,Zuschuss/Stipendium,Gruender/innen in Niedersachsen (wissensbasiert/innovativ),Niedersachsen,Gruendung/Innovation,Gruendungsvorbereitung,Stipendium,gruendung,Lebenshaltungskosten und Coaching in der Gruendungsphase,Innovative Gruendungen in Niedersachsen; Stipendium zur Gruendungsvorbereitung,,,,,,,offen,,,,offen,https://www.nbank.de/Unternehmen/Gr%C3%BCnden-Wachsen/Niedersachsen-Gr%C3%BCndungsstipendium/,,2026-02-11,https://www.nbank.de/Unternehmen/Gr%C3%BCnden-Wachsen/Niedersachsen-Gr%C3%BCndungsstipendium/
